0.000000000000000000e+00 -1.131780999999999926e+00
4.040000000000000188e-03 -1.122163999999999939e+00
8.080000000000000376e-03 -1.112498999999999905e+00
1.213000000000000016e-02 -1.102788000000000102e+00
1.617000000000000035e-02 -1.093032000000000004e+00
2.020999999999999880e-02 -1.083231000000000055e+00
2.425000000000000072e-02 -1.073387000000000091e+00
2.828999999999999918e-02 -1.063463999999999965e+00
3.234000000000000069e-02 -1.053536999999999946e+00
3.638000000000000261e-02 -1.043571000000000026e+00
4.041999999999999760e-02 -1.051582000000000017e+00
4.445999999999999952e-02 -1.060710000000000042e+00
4.850000000000000144e-02 -1.069778000000000118e+00
5.254999999999999949e-02 -1.078786000000000023e+00
5.659000000000000141e-02 -1.087731999999999921e+00
6.063000000000000334e-02 -1.096597999999999962e+00
6.467000000000000526e-02 -1.105420000000000069e+00
6.870999999999999330e-02 -1.114176999999999973e+00
7.276000000000000523e-02 -1.122870000000000035e+00
7.679999999999999327e-02 -1.131498000000000115e+00
8.083999999999999519e-02 -1.140058999999999934e+00
8.487999999999999712e-02 -1.148554000000000075e+00
8.891999999999999904e-02 -1.156981000000000037e+00
9.296999999999999709e-02 -1.165340000000000042e+00
9.700999999999999901e-02 -1.173629999999999951e+00
1.010500000000000009e-01 -1.181850999999999985e+00
1.050900000000000029e-01 -1.190001000000000086e+00
1.091300000000000048e-01 -1.198082000000000091e+00
1.131800000000000028e-01 -1.206090000000000106e+00
1.172200000000000047e-01 -1.214026000000000050e+00
1.212600000000000067e-01 -1.221889999999999921e+00
1.252999999999999947e-01 -1.229678999999999967e+00
1.293400000000000105e-01 -1.237354999999999983e+00
1.333900000000000086e-01 -1.244995999999999992e+00
1.374299999999999966e-01 -1.252563000000000093e+00
1.414700000000000124e-01 -1.260053000000000090e+00
1.455100000000000005e-01 -1.267463999999999924e+00
1.495499999999999885e-01 -1.274801999999999991e+00
1.535999999999999865e-01 -1.282062000000000035e+00
1.576400000000000023e-01 -1.289244000000000057e+00
1.616799999999999904e-01 -1.296348000000000056e+00
1.657200000000000062e-01 -1.303373000000000115e+00
1.697599999999999942e-01 -1.310315000000000119e+00
1.738099999999999923e-01 -1.317180999999999935e+00
1.778500000000000081e-01 -1.323967000000000116e+00
1.818899999999999961e-01 -1.330670999999999937e+00
1.859300000000000119e-01 -1.337295000000000122e+00
1.899700000000000000e-01 -1.343836999999999948e+00
1.940199999999999980e-01 -1.350297000000000081e+00
1.980600000000000138e-01 -1.356675000000000075e+00
2.021000000000000019e-01 -1.362970000000000015e+00
2.061399999999999899e-01 -1.369180999999999981e+00
2.101800000000000057e-01 -1.375310000000000032e+00
2.142300000000000038e-01 -1.381353999999999971e+00
2.182699999999999918e-01 -1.387313000000000018e+00
2.223100000000000076e-01 -1.393186999999999953e+00
2.263499999999999956e-01 -1.398975999999999997e+00
2.303900000000000114e-01 -1.404679000000000011e+00
2.344400000000000095e-01 -1.410296999999999912e+00
2.384799999999999975e-01 -1.415826999999999947e+00
2.425200000000000133e-01 -1.421273000000000009e+00
2.465600000000000014e-01 -1.426630000000000065e+00
2.505999999999999894e-01 -1.431899999999999951e+00
2.546499999999999875e-01 -1.437081999999999971e+00
2.586899999999999755e-01 -1.442175999999999902e+00
2.627300000000000191e-01 -1.447181999999999968e+00
2.667700000000000071e-01 -1.452099000000000029e+00
2.708099999999999952e-01 -1.456927000000000083e+00
2.748599999999999932e-01 -1.461665999999999910e+00
2.788999999999999813e-01 -1.466315000000000035e+00
2.829400000000000248e-01 -1.470874999999999932e+00
2.869800000000000129e-01 -1.475344999999999906e+00
2.910200000000000009e-01 -1.479719999999999924e+00
2.950699999999999990e-01 -1.484008999999999912e+00
2.991099999999999870e-01 -1.488207000000000058e+00
3.031499999999999750e-01 -1.492313999999999918e+00
3.071900000000000186e-01 -1.496329999999999938e+00
3.112300000000000066e-01 -1.500255000000000116e+00
3.152800000000000047e-01 -1.504088000000000092e+00
3.193199999999999927e-01 -1.507829000000000086e+00
3.233599999999999808e-01 -1.511478000000000099e+00
3.274000000000000243e-01 -1.515058999999999934e+00
3.314400000000000124e-01 -1.478509999999999991e+00
3.354900000000000104e-01 -1.438347999999999960e+00
3.395299999999999985e-01 -1.398347000000000007e+00
3.435699999999999865e-01 -1.358452999999999911e+00
3.476099999999999746e-01 -1.318761000000000072e+00
3.516500000000000181e-01 -1.279247000000000023e+00
3.557000000000000162e-01 -1.239931000000000116e+00
3.597400000000000042e-01 -1.200836000000000015e+00
3.637799999999999923e-01 -1.161983999999999906e+00
3.678199999999999803e-01 -1.123401000000000094e+00
3.718600000000000239e-01 -1.085113999999999912e+00
3.759100000000000219e-01 -1.047158000000000033e+00
3.799500000000000099e-01 -1.009568000000000021e+00
3.839899999999999980e-01 -9.723459999999999326e-01
3.880299999999999860e-01 -9.356160000000000032e-01
3.920699999999999741e-01 -8.993919999999999693e-01
3.961200000000000276e-01 -8.637329999999999730e-01
4.001600000000000157e-01 -8.287060000000000537e-01
4.042000000000000037e-01 -7.943870000000000653e-01
4.082399999999999918e-01 -7.608590000000000630e-01
4.122799999999999798e-01 -7.282190000000000607e-01
4.163299999999999779e-01 -6.965740000000000265e-01
4.203700000000000214e-01 -6.660420000000000229e-01
4.244100000000000095e-01 -6.367549999999999599e-01
4.284499999999999975e-01 -6.088550000000000351e-01
4.324899999999999856e-01 -5.824930000000000385e-01
4.365399999999999836e-01 -5.578269999999999618e-01
4.405800000000000272e-01 -5.350160000000000471e-01
4.446200000000000152e-01 -5.142290000000000472e-01
4.486600000000000033e-01 -4.955850000000000533e-01
4.526999999999999913e-01 -4.792230000000000656e-01
4.567499999999999893e-01 -4.652479999999999949e-01
4.607899999999999774e-01 -4.537380000000000302e-01
4.648300000000000209e-01 -4.447470000000000034e-01
4.688700000000000090e-01 -4.383259999999999934e-01
4.729099999999999970e-01 -4.344590000000000396e-01
4.769599999999999951e-01 -4.331699999999999995e-01
4.769599999999999951e-01 -4.331699999999999995e-01
4.809800000000000186e-01 -4.333779999999999855e-01
4.849999999999999867e-01 -4.340060000000000029e-01
4.890200000000000102e-01 -4.350640000000000063e-01
4.930399999999999783e-01 -4.365689999999999849e-01
4.970600000000000018e-01 -4.385470000000000201e-01
5.010799999999999699e-01 -4.410350000000000104e-01
5.050999999999999934e-01 -4.440800000000000303e-01
5.091099999999999515e-01 -4.477470000000000061e-01
5.131299999999999750e-01 -4.521209999999999951e-01
5.171499999999999986e-01 -4.573079999999999923e-01
5.211700000000000221e-01 -4.634489999999999998e-01
5.251900000000000457e-01 -4.707160000000000233e-01
5.292099999999999582e-01 -4.793230000000000546e-01
5.332299999999999818e-01 -4.895390000000000574e-01
5.372500000000000053e-01 -5.015760000000000218e-01
5.412700000000000289e-01 -5.157289999999999930e-01
5.452900000000000524e-01 -5.321789999999999576e-01
5.493099999999999650e-01 -5.510390000000000565e-01
5.533299999999999885e-01 -5.722240000000000659e-01
5.573500000000000121e-01 -5.956029999999999935e-01
5.613700000000000356e-01 -6.209489999999999732e-01
5.653899999999999482e-01 -6.480029999999999957e-01
5.694099999999999717e-01 -6.765100000000000557e-01
5.734299999999999953e-01 -7.062390000000000612e-01
5.774500000000000188e-01 -7.370430000000000037e-01
5.814700000000000424e-01 -7.686690000000000467e-01
5.854899999999999549e-01 -8.010270000000000445e-01
5.895099999999999785e-01 -8.340079999999999716e-01
5.935300000000000020e-01 -8.675260000000000193e-01
5.975500000000000256e-01 -9.015090000000000048e-01
6.015700000000000491e-01 -9.358960000000000612e-01
6.055899999999999617e-01 -9.706349999999999145e-01
6.096099999999999852e-01 -1.005686000000000080e+00
6.136300000000000088e-01 -1.041012000000000048e+00
6.176500000000000323e-01 -1.076583000000000068e+00
6.216699999999999449e-01 -1.112373999999999974e+00
6.256899999999999684e-01 -1.148360999999999965e+00
6.297099999999999920e-01 -1.184525000000000050e+00
6.337300000000000155e-01 -1.220849000000000073e+00
6.377500000000000391e-01 -1.257316000000000100e+00
6.417699999999999516e-01 -1.293913000000000091e+00
6.457899999999999752e-01 -1.330627999999999922e+00
6.498099999999999987e-01 -1.367447999999999997e+00
6.538300000000000223e-01 -1.404365000000000085e+00
6.578500000000000458e-01 -1.441367999999999983e+00
6.618699999999999584e-01 -1.478450000000000042e+00
6.658899999999999819e-01 -1.515602000000000116e+00
6.699100000000000055e-01 -1.552815999999999974e+00
6.739300000000000290e-01 -1.590100999999999987e+00
6.779500000000000526e-01 -1.627421999999999924e+00
6.819699999999999651e-01 -1.664830999999999950e+00
6.859899999999999887e-01 -1.702234000000000025e+00
6.900100000000000122e-01 -1.739670999999999967e+00
6.940300000000000358e-01 -1.777141999999999999e+00
6.980499999999999483e-01 -1.814629000000000048e+00
7.020699999999999719e-01 -1.852152000000000021e+00
7.060899999999999954e-01 -1.889666999999999986e+00
7.101100000000000190e-01 -1.927183000000000090e+00
7.141300000000000425e-01 -1.964677000000000007e+00
7.181499999999999551e-01 -2.002045999999999992e+00
7.221699999999999786e-01 -2.035119999999999596e+00
7.261900000000000022e-01 -2.047041999999999806e+00
7.302100000000000257e-01 -2.057605999999999824e+00
7.342300000000000493e-01 -2.068130999999999720e+00
7.382499999999999618e-01 -2.078678999999999721e+00
7.422699999999999854e-01 -2.089264999999999706e+00
7.462900000000000089e-01 -2.099873999999999796e+00
7.503100000000000325e-01 -2.110526999999999820e+00
7.543299999999999450e-01 -2.121205999999999925e+00
7.583499999999999686e-01 -2.131923999999999708e+00
7.623699999999999921e-01 -2.142670999999999992e+00
7.663900000000000157e-01 -2.153443999999999914e+00
7.704100000000000392e-01 -2.164240999999999637e+00
7.744299999999999518e-01 -2.175055999999999656e+00
7.784499999999999753e-01 -2.185893999999999782e+00
7.824699999999999989e-01 -2.196751999999999594e+00
7.864900000000000224e-01 -2.207619999999999916e+00
7.905100000000000460e-01 -2.218516999999999850e+00
7.945299999999999585e-01 -2.229405999999999999e+00
7.985499999999999821e-01 -2.240301999999999794e+00
8.025700000000000056e-01 -2.251201999999999703e+00
8.065900000000000292e-01 -2.262096999999999802e+00
8.106100000000000527e-01 -2.272999999999999687e+00
8.146299999999999653e-01 -2.283899999999999597e+00
8.186499999999999888e-01 -2.294795999999999836e+00
8.226700000000000124e-01 -2.305684999999999985e+00
8.266900000000000359e-01 -2.316565999999999903e+00
8.307099999999999485e-01 -2.327435999999999616e+00
8.347299999999999720e-01 -2.338315999999999839e+00
8.387499999999999956e-01 -2.349157999999999635e+00
8.427700000000000191e-01 -2.359983999999999860e+00
8.467900000000000427e-01 -2.370792999999999928e+00
8.508099999999999552e-01 -2.381542999999999743e+00
8.548299999999999788e-01 -2.392306999999999739e+00
8.588500000000000023e-01 -2.403047999999999629e+00
8.628700000000000259e-01 -2.413761999999999741e+00
8.668900000000000494e-01 -2.424448999999999632e+00
8.709099999999999620e-01 -2.435105999999999771e+00
8.749299999999999855e-01 -2.445732999999999713e+00
8.789500000000000091e-01 -2.456297999999999870e+00
8.829700000000000326e-01 -2.466841999999999757e+00
8.869899999999999451e-01 -2.477365999999999957e+00
8.910099999999999687e-01 -2.487852999999999870e+00
8.950299999999999923e-01 -2.498299999999999965e+00
8.990500000000000158e-01 -2.508701999999999988e+00
9.030599999999999739e-01 -2.519066999999999723e+00
9.070799999999999974e-01 -2.529388999999999665e+00
9.111000000000000210e-01 -2.539666999999999675e+00
9.151200000000000445e-01 -2.549897999999999776e+00
9.191399999999999570e-01 -2.560078999999999994e+00
9.231599999999999806e-01 -2.570204999999999629e+00
9.271800000000000042e-01 -2.580290999999999890e+00
9.312000000000000277e-01 -2.590324999999999989e+00
9.352200000000000513e-01 -2.600306999999999924e+00
9.392399999999999638e-01 -2.610234999999999861e+00
9.432599999999999874e-01 -2.620080999999999882e+00
9.472800000000000109e-01 -2.629897999999999847e+00
9.513000000000000345e-01 -2.639658999999999978e+00
9.553199999999999470e-01 -2.649360999999999855e+00
9.593399999999999705e-01 -2.659002999999999783e+00
9.633599999999999941e-01 -2.668585999999999903e+00
9.673800000000000177e-01 -2.678102999999999678e+00
9.714000000000000412e-01 -2.687561999999999784e+00
9.754199999999999537e-01 -2.696955999999999687e+00
9.794399999999999773e-01 -2.706286999999999665e+00
9.834600000000000009e-01 -2.715553999999999579e+00
9.874800000000000244e-01 -2.724753999999999898e+00
9.915000000000000480e-01 -2.733886999999999734e+00
9.955199999999999605e-01 -2.742951999999999835e+00
9.995399999999999840e-01 -2.751947999999999617e+00
1.003560000000000008e+00 -2.760872999999999688e+00
1.007579999999999920e+00 -2.769727999999999746e+00
1.011600000000000055e+00 -2.778510999999999953e+00
1.015619999999999967e+00 -2.787221999999999866e+00
1.019640000000000102e+00 -2.795858999999999650e+00
1.023660000000000014e+00 -2.804421999999999748e+00
1.027679999999999927e+00 -2.812909999999999577e+00
1.031700000000000061e+00 -2.821320999999999746e+00
1.035719999999999974e+00 -2.829656999999999645e+00
1.039740000000000109e+00 -2.837915999999999883e+00
1.043760000000000021e+00 -2.846096999999999877e+00
1.047779999999999934e+00 -2.854199999999999626e+00
1.051800000000000068e+00 -2.862222999999999740e+00
1.055819999999999981e+00 -2.870190999999999715e+00
1.059839999999999893e+00 -2.878053999999999668e+00
1.063860000000000028e+00 -2.885836999999999986e+00
1.067879999999999940e+00 -2.893536999999999804e+00
1.071900000000000075e+00 -2.901154999999999706e+00
1.075919999999999987e+00 -2.908686999999999578e+00
1.079939999999999900e+00 -2.916138999999999815e+00
1.083960000000000035e+00 -2.923497999999999930e+00
1.087979999999999947e+00 -2.930780999999999636e+00
1.092000000000000082e+00 -2.937978999999999896e+00
1.096019999999999994e+00 -2.945090999999999681e+00
1.100039999999999907e+00 -2.952116999999999880e+00
1.104060000000000041e+00 -2.959056999999999604e+00
1.108079999999999954e+00 -2.965908999999999907e+00
1.112100000000000088e+00 -2.972672999999999899e+00
1.116120000000000001e+00 -2.979348999999999581e+00
1.120139999999999914e+00 -2.985935999999999702e+00
1.124160000000000048e+00 -2.992434999999999956e+00
1.128179999999999961e+00 -2.998843999999999621e+00
1.132200000000000095e+00 -3.005162999999999585e+00
1.136220000000000008e+00 -3.011390999999999707e+00
1.140239999999999920e+00 -3.017528999999999684e+00
1.144260000000000055e+00 -3.023575999999999819e+00
1.148279999999999967e+00 -3.029530999999999974e+00
1.152300000000000102e+00 -3.035385999999999918e+00
1.156320000000000014e+00 -3.041156999999999666e+00
1.160339999999999927e+00 -3.046834999999999738e+00
1.164360000000000062e+00 -3.052419999999999689e+00
1.168379999999999974e+00 -3.057911999999999964e+00
1.172400000000000109e+00 -3.063309999999999977e+00
1.176420000000000021e+00 -3.068613999999999731e+00
1.180439999999999934e+00 -3.073823999999999668e+00
1.184460000000000068e+00 -3.078938999999999648e+00
1.188479999999999981e+00 -3.083965999999999763e+00
1.192499999999999893e+00 -3.088890999999999831e+00
1.196520000000000028e+00 -3.093719999999999803e+00
1.200539999999999941e+00 -3.098452999999999680e+00
1.204560000000000075e+00 -3.103089999999999904e+00
1.208579999999999988e+00 -3.107630999999999588e+00
1.212599999999999900e+00 -3.112074999999999925e+00
1.216620000000000035e+00 -3.116421999999999581e+00
1.220639999999999947e+00 -3.120671999999999890e+00
1.224660000000000082e+00 -3.124823999999999824e+00
1.228679999999999994e+00 -3.128869999999999596e+00
1.232699999999999907e+00 -3.132826999999999806e+00
1.236720000000000041e+00 -3.136684999999999945e+00
1.240739999999999954e+00 -3.140440999999999594e+00
1.244760000000000089e+00 -3.144072999999999674e+00
1.248780000000000001e+00 -3.147634999999999739e+00
1.252799999999999914e+00 -3.151097999999999733e+00
1.256820000000000048e+00 -3.154460999999999959e+00
1.260839999999999961e+00 -3.157732999999999901e+00
1.264860000000000095e+00 -3.160893999999999870e+00
1.268880000000000008e+00 -3.163957999999999604e+00
1.272899999999999920e+00 -3.166919999999999735e+00
1.276920000000000055e+00 -3.169782999999999795e+00
1.280939999999999968e+00 -3.172543999999999809e+00
1.284960000000000102e+00 -3.175203999999999915e+00
1.288980000000000015e+00 -3.177762999999999671e+00
1.292999999999999927e+00 -3.180219999999999825e+00
1.297009999999999996e+00 -3.182574999999999932e+00
1.301029999999999909e+00 -3.184827999999999992e+00
1.305050000000000043e+00 -3.186977999999999867e+00
1.309069999999999956e+00 -3.189025999999999694e+00
1.313090000000000090e+00 -3.190970999999999780e+00
1.317110000000000003e+00 -3.192811999999999983e+00
1.321129999999999916e+00 -3.194543999999999606e+00
1.325150000000000050e+00 -3.196177999999999741e+00
1.329169999999999963e+00 -3.197712999999999806e+00
1.333190000000000097e+00 -3.199138999999999733e+00
1.337210000000000010e+00 -3.200459999999999638e+00
1.341229999999999922e+00 -3.201676999999999662e+00
1.345250000000000057e+00 -3.202788999999999664e+00
1.349269999999999969e+00 -3.203795999999999644e+00
1.353290000000000104e+00 -3.204696999999999907e+00
1.357310000000000016e+00 -3.205492999999999704e+00
1.361329999999999929e+00 -3.206182999999999783e+00
1.365350000000000064e+00 -3.206766999999999701e+00
1.369369999999999976e+00 -3.207244999999999902e+00
1.373390000000000111e+00 -3.207616999999999940e+00
1.377410000000000023e+00 -3.207882999999999818e+00
1.381429999999999936e+00 -3.208042999999999978e+00
1.385450000000000070e+00 -3.208095999999999837e+00
1.385450000000000070e+00 -3.208095999999999837e+00
1.389489999999999892e+00 -3.208043999999999674e+00
1.393540000000000001e+00 -3.207889999999999908e+00
1.397580000000000044e+00 -3.207634999999999792e+00
1.401620000000000088e+00 -3.207273999999999958e+00
1.405659999999999910e+00 -3.206810999999999634e+00
1.409699999999999953e+00 -3.206245000000000012e+00
1.413750000000000062e+00 -3.205575999999999759e+00
1.417790000000000106e+00 -3.204803999999999764e+00
1.421829999999999927e+00 -3.203929999999999723e+00
1.425869999999999971e+00 -3.202953999999999635e+00
1.429910000000000014e+00 -3.201875999999999944e+00
1.433959999999999901e+00 -3.200695999999999763e+00
1.437999999999999945e+00 -3.199414999999999676e+00
1.442039999999999988e+00 -3.198031999999999986e+00
1.446080000000000032e+00 -3.196547999999999945e+00
1.450120000000000076e+00 -3.194962999999999997e+00
1.454169999999999963e+00 -3.193277999999999839e+00
1.458210000000000006e+00 -3.191490999999999634e+00
1.462250000000000050e+00 -3.189604999999999801e+00
1.466290000000000093e+00 -3.187617999999999618e+00
1.470329999999999915e+00 -3.185531999999999808e+00
1.474380000000000024e+00 -3.183345999999999787e+00
1.478420000000000067e+00 -3.181059999999999999e+00
1.482460000000000111e+00 -3.178675999999999835e+00
1.486499999999999932e+00 -3.176191999999999904e+00
1.490539999999999976e+00 -3.173609999999999598e+00
1.494590000000000085e+00 -3.170929999999999804e+00
1.498629999999999907e+00 -3.168151999999999635e+00
1.502669999999999950e+00 -3.165274999999999839e+00
1.506709999999999994e+00 -3.162300999999999807e+00
1.510750000000000037e+00 -3.159228999999999843e+00
1.514799999999999924e+00 -3.156059999999999643e+00
1.518839999999999968e+00 -3.152793999999999652e+00
1.522880000000000011e+00 -3.149468999999999852e+00
1.526920000000000055e+00 -3.146023999999999710e+00
1.530960000000000099e+00 -3.142467999999999595e+00
1.535009999999999986e+00 -3.138816999999999968e+00
1.539050000000000029e+00 -3.135068999999999662e+00
1.543090000000000073e+00 -3.131226999999999983e+00
1.547129999999999894e+00 -3.127291999999999739e+00
1.551169999999999938e+00 -3.123234999999999761e+00
1.555220000000000047e+00 -3.119106999999999630e+00
1.559260000000000090e+00 -3.114883999999999986e+00
1.563299999999999912e+00 -3.110566999999999638e+00
1.567339999999999955e+00 -3.106155999999999917e+00
1.571379999999999999e+00 -3.101650999999999936e+00
1.575430000000000108e+00 -3.097052999999999834e+00
1.579469999999999930e+00 -3.092360999999999915e+00
1.583509999999999973e+00 -3.087575999999999876e+00
1.587550000000000017e+00 -3.082697999999999716e+00
1.591590000000000060e+00 -3.077726999999999880e+00
1.595639999999999947e+00 -3.072663999999999618e+00
1.599679999999999991e+00 -3.067509999999999959e+00
1.603720000000000034e+00 -3.062275999999999776e+00
1.607760000000000078e+00 -3.056937999999999711e+00
1.611799999999999899e+00 -3.051509999999999945e+00
1.615850000000000009e+00 -3.045990999999999893e+00
1.619890000000000052e+00 -3.040381000000000000e+00
1.623930000000000096e+00 -3.034680999999999962e+00
1.627969999999999917e+00 -3.028891999999999918e+00
1.632009999999999961e+00 -3.023011999999999588e+00
1.636060000000000070e+00 -3.017043999999999837e+00
1.640099999999999891e+00 -3.010998999999999981e+00
1.644139999999999935e+00 -3.004853999999999914e+00
1.648179999999999978e+00 -2.998620999999999981e+00
1.652220000000000022e+00 -2.992300999999999878e+00
1.656269999999999909e+00 -2.985894999999999744e+00
1.660309999999999953e+00 -2.979400999999999744e+00
1.664349999999999996e+00 -2.972820999999999714e+00
1.668390000000000040e+00 -2.966154999999999653e+00
1.672430000000000083e+00 -2.959403000000000006e+00
1.676479999999999970e+00 -2.952565999999999580e+00
1.680520000000000014e+00 -2.945677999999999574e+00
1.684560000000000057e+00 -2.938671999999999951e+00
1.688600000000000101e+00 -2.931580999999999992e+00
1.692639999999999922e+00 -2.924407999999999674e+00
1.696690000000000031e+00 -2.917150999999999605e+00
1.700730000000000075e+00 -2.909810999999999925e+00
1.704769999999999897e+00 -2.902388999999999886e+00
1.708809999999999940e+00 -2.894883999999999791e+00
1.712849999999999984e+00 -2.887298999999999616e+00
1.716900000000000093e+00 -2.879624999999999879e+00
1.720939999999999914e+00 -2.871876999999999569e+00
1.724979999999999958e+00 -2.864048999999999623e+00
1.729020000000000001e+00 -2.856140999999999597e+00
1.733060000000000045e+00 -2.848152999999999935e+00
1.737109999999999932e+00 -2.840085999999999888e+00
1.741149999999999975e+00 -2.831939999999999902e+00
1.745190000000000019e+00 -2.823714999999999975e+00
1.749230000000000063e+00 -2.815423000000000009e+00
1.753270000000000106e+00 -2.807041999999999593e+00
1.757319999999999993e+00 -2.798575999999999731e+00
1.761360000000000037e+00 -2.790038999999999714e+00
1.765400000000000080e+00 -2.781424999999999592e+00
1.769439999999999902e+00 -2.772732999999999670e+00
1.773479999999999945e+00 -2.763963999999999643e+00
1.777530000000000054e+00 -2.755117999999999956e+00
1.781570000000000098e+00 -2.746192999999999884e+00
1.785609999999999919e+00 -2.737191999999999847e+00
1.789649999999999963e+00 -2.728111999999999870e+00
1.793690000000000007e+00 -2.718954999999999789e+00
1.797739999999999894e+00 -2.709719999999999906e+00
1.801779999999999937e+00 -2.700406999999999780e+00
1.805819999999999981e+00 -2.691016999999999992e+00
1.809860000000000024e+00 -2.681548999999999960e+00
1.813900000000000068e+00 -2.672004999999999963e+00
1.817949999999999955e+00 -2.662389999999999812e+00
1.821989999999999998e+00 -2.652709999999999901e+00
1.826030000000000042e+00 -2.642981999999999942e+00
1.830070000000000086e+00 -2.633243999999999918e+00
1.834109999999999907e+00 -2.623589999999999645e+00
1.838160000000000016e+00 -2.614313999999999805e+00
1.842200000000000060e+00 -2.606703999999999688e+00
1.846240000000000103e+00 -2.607012999999999803e+00
1.850279999999999925e+00 -2.618989000000000011e+00
1.854319999999999968e+00 -2.634921999999999986e+00
1.858370000000000077e+00 -2.652219999999999800e+00
1.862409999999999899e+00 -2.670261999999999691e+00
0.000000000000000000e+00 -1.131780999999999926e+00
4.040000000000000188e-03 -1.122163999999999939e+00
8.080000000000000376e-03 -1.112498999999999905e+00
1.213000000000000016e-02 -1.102788000000000102e+00
1.617000000000000035e-02 -1.093032000000000004e+00
2.020999999999999880e-02 -1.083231000000000055e+00
2.425000000000000072e-02 -1.073387000000000091e+00
2.828999999999999918e-02 -1.063463999999999965e+00
3.234000000000000069e-02 -1.053536999999999946e+00
3.638000000000000261e-02 -1.043571000000000026e+00
4.041999999999999760e-02 -1.051582000000000017e+00
4.445999999999999952e-02 -1.060710000000000042e+00
4.850000000000000144e-02 -1.069778000000000118e+00
5.254999999999999949e-02 -1.078786000000000023e+00
5.659000000000000141e-02 -1.087731999999999921e+00
6.063000000000000334e-02 -1.096597999999999962e+00
6.467000000000000526e-02 -1.105420000000000069e+00
6.870999999999999330e-02 -1.114176999999999973e+00
7.276000000000000523e-02 -1.122870000000000035e+00
7.679999999999999327e-02 -1.131498000000000115e+00
8.083999999999999519e-02 -1.140058999999999934e+00
8.487999999999999712e-02 -1.148554000000000075e+00
8.891999999999999904e-02 -1.156981000000000037e+00
9.296999999999999709e-02 -1.165340000000000042e+00
9.700999999999999901e-02 -1.173629999999999951e+00
1.010500000000000009e-01 -1.181850999999999985e+00
1.050900000000000029e-01 -1.190001000000000086e+00
1.091300000000000048e-01 -1.198082000000000091e+00
1.131800000000000028e-01 -1.206090000000000106e+00
1.172200000000000047e-01 -1.214026000000000050e+00
1.212600000000000067e-01 -1.221889999999999921e+00
1.252999999999999947e-01 -1.229678999999999967e+00
1.293400000000000105e-01 -1.237354999999999983e+00
1.333900000000000086e-01 -1.244995999999999992e+00
1.374299999999999966e-01 -1.252563000000000093e+00
1.414700000000000124e-01 -1.260053000000000090e+00
1.455100000000000005e-01 -1.267463999999999924e+00
1.495499999999999885e-01 -1.274801999999999991e+00
1.535999999999999865e-01 -1.282062000000000035e+00
1.576400000000000023e-01 -1.289244000000000057e+00
1.616799999999999904e-01 -1.296348000000000056e+00
1.657200000000000062e-01 -1.303373000000000115e+00
1.697599999999999942e-01 -1.310315000000000119e+00
1.738099999999999923e-01 -1.317180999999999935e+00
1.778500000000000081e-01 -1.323967000000000116e+00
1.818899999999999961e-01 -1.330670999999999937e+00
1.859300000000000119e-01 -1.337295000000000122e+00
1.899700000000000000e-01 -1.343836999999999948e+00
1.940199999999999980e-01 -1.350297000000000081e+00
1.980600000000000138e-01 -1.356675000000000075e+00
2.021000000000000019e-01 -1.362970000000000015e+00
2.061399999999999899e-01 -1.369180999999999981e+00
2.101800000000000057e-01 -1.375310000000000032e+00
2.142300000000000038e-01 -1.381353999999999971e+00
2.182699999999999918e-01 -1.387313000000000018e+00
2.223100000000000076e-01 -1.393186999999999953e+00
2.263499999999999956e-01 -1.398975999999999997e+00
2.303900000000000114e-01 -1.404679000000000011e+00
2.344400000000000095e-01 -1.410296999999999912e+00
2.384799999999999975e-01 -1.415826999999999947e+00
2.425200000000000133e-01 -1.421273000000000009e+00
2.465600000000000014e-01 -1.426630000000000065e+00
2.505999999999999894e-01 -1.431899999999999951e+00
2.546499999999999875e-01 -1.437081999999999971e+00
2.586899999999999755e-01 -1.442175999999999902e+00
2.627300000000000191e-01 -1.447181999999999968e+00
2.667700000000000071e-01 -1.452099000000000029e+00
2.708099999999999952e-01 -1.456927000000000083e+00
2.748599999999999932e-01 -1.461665999999999910e+00
2.788999999999999813e-01 -1.466315000000000035e+00
2.829400000000000248e-01 -1.470874999999999932e+00
2.869800000000000129e-01 -1.475344999999999906e+00
2.910200000000000009e-01 -1.479719999999999924e+00
2.950699999999999990e-01 -1.484008999999999912e+00
2.991099999999999870e-01 -1.488207000000000058e+00
3.031499999999999750e-01 -1.492313999999999918e+00
3.071900000000000186e-01 -1.496329999999999938e+00
3.112300000000000066e-01 -1.500255000000000116e+00
3.152800000000000047e-01 -1.504088000000000092e+00
3.193199999999999927e-01 -1.507829000000000086e+00
3.233599999999999808e-01 -1.511478000000000099e+00
3.274000000000000243e-01 -1.515058999999999934e+00
3.314400000000000124e-01 -1.478509999999999991e+00
3.354900000000000104e-01 -1.438347999999999960e+00
3.395299999999999985e-01 -1.398347000000000007e+00
3.435699999999999865e-01 -1.358452999999999911e+00
3.476099999999999746e-01 -1.318761000000000072e+00
3.516500000000000181e-01 -1.279247000000000023e+00
3.557000000000000162e-01 -1.239931000000000116e+00
3.597400000000000042e-01 -1.200836000000000015e+00
3.637799999999999923e-01 -1.161983999999999906e+00
3.678199999999999803e-01 -1.123401000000000094e+00
3.718600000000000239e-01 -1.085113999999999912e+00
3.759100000000000219e-01 -1.047158000000000033e+00
3.799500000000000099e-01 -1.009568000000000021e+00
3.839899999999999980e-01 -9.723459999999999326e-01
3.880299999999999860e-01 -9.356160000000000032e-01
3.920699999999999741e-01 -8.993919999999999693e-01
3.961200000000000276e-01 -8.637329999999999730e-01
4.001600000000000157e-01 -8.287060000000000537e-01
4.042000000000000037e-01 -7.943870000000000653e-01
4.082399999999999918e-01 -7.608590000000000630e-01
4.122799999999999798e-01 -7.282190000000000607e-01
4.163299999999999779e-01 -6.965740000000000265e-01
4.203700000000000214e-01 -6.660420000000000229e-01
4.244100000000000095e-01 -6.367549999999999599e-01
4.284499999999999975e-01 -6.088550000000000351e-01
4.324899999999999856e-01 -5.824930000000000385e-01
4.365399999999999836e-01 -5.578269999999999618e-01
4.405800000000000272e-01 -5.350160000000000471e-01
4.446200000000000152e-01 -5.142290000000000472e-01
4.486600000000000033e-01 -4.955850000000000533e-01
4.526999999999999913e-01 -4.792230000000000656e-01
4.567499999999999893e-01 -4.652479999999999949e-01
4.607899999999999774e-01 -4.537380000000000302e-01
4.648300000000000209e-01 -4.447470000000000034e-01
4.688700000000000090e-01 -4.383259999999999934e-01
4.729099999999999970e-01 -4.344590000000000396e-01
4.769599999999999951e-01 -4.331699999999999995e-01
4.769599999999999951e-01 -4.331699999999999995e-01
4.809800000000000186e-01 -4.333779999999999855e-01
4.849999999999999867e-01 -4.340060000000000029e-01
4.890200000000000102e-01 -4.350640000000000063e-01
4.930399999999999783e-01 -4.365689999999999849e-01
4.970600000000000018e-01 -4.385470000000000201e-01
5.010799999999999699e-01 -4.410350000000000104e-01
5.050999999999999934e-01 -4.440800000000000303e-01
5.091099999999999515e-01 -4.477470000000000061e-01
5.131299999999999750e-01 -4.521209999999999951e-01
5.171499999999999986e-01 -4.573079999999999923e-01
5.211700000000000221e-01 -4.634489999999999998e-01
5.251900000000000457e-01 -4.707160000000000233e-01
5.292099999999999582e-01 -4.793230000000000546e-01
5.332299999999999818e-01 -4.895390000000000574e-01
5.372500000000000053e-01 -5.015760000000000218e-01
5.412700000000000289e-01 -5.157289999999999930e-01
5.452900000000000524e-01 -5.321789999999999576e-01
5.493099999999999650e-01 -5.510390000000000565e-01
5.533299999999999885e-01 -5.722240000000000659e-01
5.573500000000000121e-01 -5.956029999999999935e-01
5.613700000000000356e-01 -6.209489999999999732e-01
5.653899999999999482e-01 -6.480029999999999957e-01
5.694099999999999717e-01 -6.765100000000000557e-01
5.734299999999999953e-01 -7.062390000000000612e-01
5.774500000000000188e-01 -7.370430000000000037e-01
5.814700000000000424e-01 -7.686690000000000467e-01
5.854899999999999549e-01 -8.010270000000000445e-01
5.895099999999999785e-01 -8.340079999999999716e-01
5.935300000000000020e-01 -8.675260000000000193e-01
5.975500000000000256e-01 -9.015090000000000048e-01
6.015700000000000491e-01 -9.358960000000000612e-01
6.055899999999999617e-01 -9.706349999999999145e-01
6.096099999999999852e-01 -1.005686000000000080e+00
6.136300000000000088e-01 -1.041012000000000048e+00
6.176500000000000323e-01 -1.076583000000000068e+00
6.216699999999999449e-01 -1.112373999999999974e+00
6.256899999999999684e-01 -1.148360999999999965e+00
6.297099999999999920e-01 -1.184525000000000050e+00
6.337300000000000155e-01 -1.220849000000000073e+00
6.377500000000000391e-01 -1.257316000000000100e+00
6.417699999999999516e-01 -1.293913000000000091e+00
6.457899999999999752e-01 -1.330627999999999922e+00
6.498099999999999987e-01 -1.367447999999999997e+00
6.538300000000000223e-01 -1.404365000000000085e+00
6.578500000000000458e-01 -1.441367999999999983e+00
6.618699999999999584e-01 -1.478450000000000042e+00
6.658899999999999819e-01 -1.515602000000000116e+00
6.699100000000000055e-01 -1.552815999999999974e+00
6.739300000000000290e-01 -1.590100999999999987e+00
6.779500000000000526e-01 -1.627421999999999924e+00
6.819699999999999651e-01 -1.664830999999999950e+00
6.859899999999999887e-01 -1.702234000000000025e+00
6.900100000000000122e-01 -1.739670999999999967e+00
6.940300000000000358e-01 -1.777141999999999999e+00
6.980499999999999483e-01 -1.814629000000000048e+00
7.020699999999999719e-01 -1.852152000000000021e+00
7.060899999999999954e-01 -1.889666999999999986e+00
7.101100000000000190e-01 -1.927183000000000090e+00
7.141300000000000425e-01 -1.964677000000000007e+00
7.181499999999999551e-01 -2.002045999999999992e+00
7.221699999999999786e-01 -2.035119999999999596e+00
7.261900000000000022e-01 -2.047041999999999806e+00
7.302100000000000257e-01 -2.057604999999999684e+00
7.342300000000000493e-01 -2.068130999999999720e+00
7.382499999999999618e-01 -2.078678999999999721e+00
7.422699999999999854e-01 -2.089264999999999706e+00
7.462900000000000089e-01 -2.099873999999999796e+00
7.503100000000000325e-01 -2.110526999999999820e+00
7.543299999999999450e-01 -2.121205999999999925e+00
7.583499999999999686e-01 -2.131923999999999708e+00
7.623699999999999921e-01 -2.142670999999999992e+00
7.663900000000000157e-01 -2.153443999999999914e+00
7.704100000000000392e-01 -2.164240999999999637e+00
7.744299999999999518e-01 -2.175055999999999656e+00
7.784499999999999753e-01 -2.185893999999999782e+00
7.824699999999999989e-01 -2.196751999999999594e+00
7.864900000000000224e-01 -2.207619999999999916e+00
7.905100000000000460e-01 -2.218516999999999850e+00
7.945299999999999585e-01 -2.229405999999999999e+00
7.985499999999999821e-01 -2.240301999999999794e+00
8.025700000000000056e-01 -2.251201999999999703e+00
8.065900000000000292e-01 -2.262096999999999802e+00
8.106100000000000527e-01 -2.272999999999999687e+00
8.146299999999999653e-01 -2.283899999999999597e+00
8.186499999999999888e-01 -2.294795999999999836e+00
8.226700000000000124e-01 -2.305684999999999985e+00
8.266900000000000359e-01 -2.316565999999999903e+00
8.307099999999999485e-01 -2.327435999999999616e+00
8.347299999999999720e-01 -2.338315999999999839e+00
8.387499999999999956e-01 -2.349157999999999635e+00
8.427700000000000191e-01 -2.359983999999999860e+00
8.467900000000000427e-01 -2.370792999999999928e+00
8.508099999999999552e-01 -2.381542999999999743e+00
8.548299999999999788e-01 -2.392306999999999739e+00
8.588500000000000023e-01 -2.403047999999999629e+00
8.628700000000000259e-01 -2.413761999999999741e+00
8.668900000000000494e-01 -2.424448999999999632e+00
8.709099999999999620e-01 -2.435105999999999771e+00
8.749299999999999855e-01 -2.445732999999999713e+00
8.789500000000000091e-01 -2.456297999999999870e+00
8.829700000000000326e-01 -2.466841999999999757e+00
8.869899999999999451e-01 -2.477365999999999957e+00
8.910099999999999687e-01 -2.487852999999999870e+00
8.950299999999999923e-01 -2.498299999999999965e+00
8.990500000000000158e-01 -2.508701999999999988e+00
9.030599999999999739e-01 -2.519066999999999723e+00
9.070799999999999974e-01 -2.529388999999999665e+00
9.111000000000000210e-01 -2.539666999999999675e+00
9.151200000000000445e-01 -2.549897999999999776e+00
9.191399999999999570e-01 -2.560078999999999994e+00
9.231599999999999806e-01 -2.570204999999999629e+00
9.271800000000000042e-01 -2.580290999999999890e+00
9.312000000000000277e-01 -2.590324999999999989e+00
9.352200000000000513e-01 -2.600306999999999924e+00
9.392399999999999638e-01 -2.610234999999999861e+00
9.432599999999999874e-01 -2.620080999999999882e+00
9.472800000000000109e-01 -2.629897999999999847e+00
9.513000000000000345e-01 -2.639658999999999978e+00
9.553199999999999470e-01 -2.649360999999999855e+00
9.593399999999999705e-01 -2.659002999999999783e+00
9.633599999999999941e-01 -2.668585999999999903e+00
9.673800000000000177e-01 -2.678102999999999678e+00
9.714000000000000412e-01 -2.687561999999999784e+00
9.754199999999999537e-01 -2.696955999999999687e+00
9.794399999999999773e-01 -2.706286999999999665e+00
9.834600000000000009e-01 -2.715553999999999579e+00
9.874800000000000244e-01 -2.724753999999999898e+00
9.915000000000000480e-01 -2.733886999999999734e+00
9.955199999999999605e-01 -2.742951999999999835e+00
9.995399999999999840e-01 -2.751947999999999617e+00
1.003560000000000008e+00 -2.760872999999999688e+00
1.007579999999999920e+00 -2.769727999999999746e+00
1.011600000000000055e+00 -2.778510999999999953e+00
1.015619999999999967e+00 -2.787221999999999866e+00
1.019640000000000102e+00 -2.795858999999999650e+00
1.023660000000000014e+00 -2.804421999999999748e+00
1.027679999999999927e+00 -2.812909999999999577e+00
1.031700000000000061e+00 -2.821320999999999746e+00
1.035719999999999974e+00 -2.829656999999999645e+00
1.039740000000000109e+00 -2.837915999999999883e+00
1.043760000000000021e+00 -2.846096999999999877e+00
1.047779999999999934e+00 -2.854199999999999626e+00
1.051800000000000068e+00 -2.862222999999999740e+00
1.055819999999999981e+00 -2.870190999999999715e+00
1.059839999999999893e+00 -2.878053999999999668e+00
1.063860000000000028e+00 -2.885836999999999986e+00
1.067879999999999940e+00 -2.893536999999999804e+00
1.071900000000000075e+00 -2.901154999999999706e+00
1.075919999999999987e+00 -2.908686999999999578e+00
1.079939999999999900e+00 -2.916138999999999815e+00
1.083960000000000035e+00 -2.923497999999999930e+00
1.087979999999999947e+00 -2.930780999999999636e+00
1.092000000000000082e+00 -2.937978999999999896e+00
1.096019999999999994e+00 -2.945090999999999681e+00
1.100039999999999907e+00 -2.952116999999999880e+00
1.104060000000000041e+00 -2.959056999999999604e+00
1.108079999999999954e+00 -2.965908999999999907e+00
1.112100000000000088e+00 -2.972672999999999899e+00
1.116120000000000001e+00 -2.979348999999999581e+00
1.120139999999999914e+00 -2.985935999999999702e+00
1.124160000000000048e+00 -2.992434999999999956e+00
1.128179999999999961e+00 -2.998843999999999621e+00
1.132200000000000095e+00 -3.005162999999999585e+00
1.136220000000000008e+00 -3.011390999999999707e+00
1.140239999999999920e+00 -3.017528999999999684e+00
1.144260000000000055e+00 -3.023575999999999819e+00
1.148279999999999967e+00 -3.029530999999999974e+00
1.152300000000000102e+00 -3.035385999999999918e+00
1.156320000000000014e+00 -3.041156999999999666e+00
1.160339999999999927e+00 -3.046834999999999738e+00
1.164360000000000062e+00 -3.052419999999999689e+00
1.168379999999999974e+00 -3.057911999999999964e+00
1.172400000000000109e+00 -3.063309999999999977e+00
1.176420000000000021e+00 -3.068613999999999731e+00
1.180439999999999934e+00 -3.073823999999999668e+00
1.184460000000000068e+00 -3.078938999999999648e+00
1.188479999999999981e+00 -3.083965999999999763e+00
1.192499999999999893e+00 -3.088890999999999831e+00
1.196520000000000028e+00 -3.093719999999999803e+00
1.200539999999999941e+00 -3.098452999999999680e+00
1.204560000000000075e+00 -3.103089999999999904e+00
1.208579999999999988e+00 -3.107630999999999588e+00
1.212599999999999900e+00 -3.112074999999999925e+00
1.216620000000000035e+00 -3.116421999999999581e+00
1.220639999999999947e+00 -3.120671999999999890e+00
1.224660000000000082e+00 -3.124823999999999824e+00
1.228679999999999994e+00 -3.128869999999999596e+00
1.232699999999999907e+00 -3.132826999999999806e+00
1.236720000000000041e+00 -3.136684999999999945e+00
1.240739999999999954e+00 -3.140440999999999594e+00
1.244760000000000089e+00 -3.144072999999999674e+00
1.248780000000000001e+00 -3.147634999999999739e+00
1.252799999999999914e+00 -3.151097999999999733e+00
1.256820000000000048e+00 -3.154460999999999959e+00
1.260839999999999961e+00 -3.157732999999999901e+00
1.264860000000000095e+00 -3.160893999999999870e+00
1.268880000000000008e+00 -3.163957999999999604e+00
1.272899999999999920e+00 -3.166919999999999735e+00
1.276920000000000055e+00 -3.169782999999999795e+00
1.280939999999999968e+00 -3.172543999999999809e+00
1.284960000000000102e+00 -3.175203999999999915e+00
1.288980000000000015e+00 -3.177762999999999671e+00
1.292999999999999927e+00 -3.180219999999999825e+00
1.297009999999999996e+00 -3.182574999999999932e+00
1.301029999999999909e+00 -3.184827999999999992e+00
1.305050000000000043e+00 -3.186977999999999867e+00
1.309069999999999956e+00 -3.189025999999999694e+00
1.313090000000000090e+00 -3.190970999999999780e+00
1.317110000000000003e+00 -3.192811999999999983e+00
1.321129999999999916e+00 -3.194543999999999606e+00
1.325150000000000050e+00 -3.196177999999999741e+00
1.329169999999999963e+00 -3.197712999999999806e+00
1.333190000000000097e+00 -3.199138999999999733e+00
1.337210000000000010e+00 -3.200459999999999638e+00
1.341229999999999922e+00 -3.201676999999999662e+00
1.345250000000000057e+00 -3.202788999999999664e+00
1.349269999999999969e+00 -3.203795999999999644e+00
1.353290000000000104e+00 -3.204696999999999907e+00
1.357310000000000016e+00 -3.205492999999999704e+00
1.361329999999999929e+00 -3.206182999999999783e+00
1.365350000000000064e+00 -3.206766999999999701e+00
1.369369999999999976e+00 -3.207244999999999902e+00
1.373390000000000111e+00 -3.207616999999999940e+00
1.377410000000000023e+00 -3.207882999999999818e+00
1.381429999999999936e+00 -3.208042999999999978e+00
1.385450000000000070e+00 -3.208095999999999837e+00
1.385450000000000070e+00 -3.208095999999999837e+00
1.389489999999999892e+00 -3.208043999999999674e+00
1.393540000000000001e+00 -3.207889999999999908e+00
1.397580000000000044e+00 -3.207634999999999792e+00
1.401620000000000088e+00 -3.207273999999999958e+00
1.405659999999999910e+00 -3.206810999999999634e+00
1.409699999999999953e+00 -3.206245000000000012e+00
1.413750000000000062e+00 -3.205575999999999759e+00
1.417790000000000106e+00 -3.204803999999999764e+00
1.421829999999999927e+00 -3.203929999999999723e+00
1.425869999999999971e+00 -3.202953999999999635e+00
1.429910000000000014e+00 -3.201875999999999944e+00
1.433959999999999901e+00 -3.200695999999999763e+00
1.437999999999999945e+00 -3.199414999999999676e+00
1.442039999999999988e+00 -3.198031999999999986e+00
1.446080000000000032e+00 -3.196547999999999945e+00
1.450120000000000076e+00 -3.194962999999999997e+00
1.454169999999999963e+00 -3.193277999999999839e+00
1.458210000000000006e+00 -3.191490999999999634e+00
1.462250000000000050e+00 -3.189604999999999801e+00
1.466290000000000093e+00 -3.187617999999999618e+00
1.470329999999999915e+00 -3.185531999999999808e+00
1.474380000000000024e+00 -3.183345999999999787e+00
1.478420000000000067e+00 -3.181059999999999999e+00
1.482460000000000111e+00 -3.178675999999999835e+00
1.486499999999999932e+00 -3.176191999999999904e+00
1.490539999999999976e+00 -3.173609999999999598e+00
1.494590000000000085e+00 -3.170929999999999804e+00
1.498629999999999907e+00 -3.168151999999999635e+00
1.502669999999999950e+00 -3.165274999999999839e+00
1.506709999999999994e+00 -3.162300999999999807e+00
1.510750000000000037e+00 -3.159228999999999843e+00
1.514799999999999924e+00 -3.156059999999999643e+00
1.518839999999999968e+00 -3.152793999999999652e+00
1.522880000000000011e+00 -3.149468999999999852e+00
1.526920000000000055e+00 -3.146023999999999710e+00
1.530960000000000099e+00 -3.142467999999999595e+00
1.535009999999999986e+00 -3.138816999999999968e+00
1.539050000000000029e+00 -3.135068999999999662e+00
1.543090000000000073e+00 -3.131226999999999983e+00
1.547129999999999894e+00 -3.127291999999999739e+00
1.551169999999999938e+00 -3.123234999999999761e+00
1.555220000000000047e+00 -3.119106999999999630e+00
1.559260000000000090e+00 -3.114883999999999986e+00
1.563299999999999912e+00 -3.110566999999999638e+00
1.567339999999999955e+00 -3.106155999999999917e+00
1.571379999999999999e+00 -3.101650999999999936e+00
1.575430000000000108e+00 -3.097052999999999834e+00
1.579469999999999930e+00 -3.092360999999999915e+00
1.583509999999999973e+00 -3.087575999999999876e+00
1.587550000000000017e+00 -3.082697999999999716e+00
1.591590000000000060e+00 -3.077726999999999880e+00
1.595639999999999947e+00 -3.072663999999999618e+00
1.599679999999999991e+00 -3.067509999999999959e+00
1.603720000000000034e+00 -3.062275999999999776e+00
1.607760000000000078e+00 -3.056937999999999711e+00
1.611799999999999899e+00 -3.051509999999999945e+00
1.615850000000000009e+00 -3.045990999999999893e+00
1.619890000000000052e+00 -3.040381000000000000e+00
1.623930000000000096e+00 -3.034680999999999962e+00
1.627969999999999917e+00 -3.028891999999999918e+00
1.632009999999999961e+00 -3.023011999999999588e+00
1.636060000000000070e+00 -3.017043999999999837e+00
1.640099999999999891e+00 -3.010998999999999981e+00
1.644139999999999935e+00 -3.004853999999999914e+00
1.648179999999999978e+00 -2.998620999999999981e+00
1.652220000000000022e+00 -2.992300999999999878e+00
1.656269999999999909e+00 -2.985894999999999744e+00
1.660309999999999953e+00 -2.979400999999999744e+00
1.664349999999999996e+00 -2.972820999999999714e+00
1.668390000000000040e+00 -2.966154999999999653e+00
1.672430000000000083e+00 -2.959403000000000006e+00
1.676479999999999970e+00 -2.952565999999999580e+00
1.680520000000000014e+00 -2.945677999999999574e+00
1.684560000000000057e+00 -2.938671999999999951e+00
1.688600000000000101e+00 -2.931580999999999992e+00
1.692639999999999922e+00 -2.924407999999999674e+00
1.696690000000000031e+00 -2.917150999999999605e+00
1.700730000000000075e+00 -2.909810999999999925e+00
1.704769999999999897e+00 -2.902388999999999886e+00
1.708809999999999940e+00 -2.894883999999999791e+00
1.712849999999999984e+00 -2.887298999999999616e+00
1.716900000000000093e+00 -2.879624999999999879e+00
1.720939999999999914e+00 -2.871876999999999569e+00
1.724979999999999958e+00 -2.864048999999999623e+00
1.729020000000000001e+00 -2.856140999999999597e+00
1.733060000000000045e+00 -2.848152999999999935e+00
1.737109999999999932e+00 -2.840085999999999888e+00
1.741149999999999975e+00 -2.831939999999999902e+00
1.745190000000000019e+00 -2.823714999999999975e+00
1.749230000000000063e+00 -2.815423000000000009e+00
1.753270000000000106e+00 -2.807041999999999593e+00
1.757319999999999993e+00 -2.798575999999999731e+00
1.761360000000000037e+00 -2.790038999999999714e+00
1.765400000000000080e+00 -2.781424999999999592e+00
1.769439999999999902e+00 -2.772732999999999670e+00
1.773479999999999945e+00 -2.763963999999999643e+00
1.777530000000000054e+00 -2.755117999999999956e+00
1.781570000000000098e+00 -2.746192999999999884e+00
1.785609999999999919e+00 -2.737191999999999847e+00
1.789649999999999963e+00 -2.728111999999999870e+00
1.793690000000000007e+00 -2.718954999999999789e+00
1.797739999999999894e+00 -2.709719999999999906e+00
1.801779999999999937e+00 -2.700406999999999780e+00
1.805819999999999981e+00 -2.691016999999999992e+00
1.809860000000000024e+00 -2.681548999999999960e+00
1.813900000000000068e+00 -2.672004999999999963e+00
1.817949999999999955e+00 -2.662389999999999812e+00
1.821989999999999998e+00 -2.652709999999999901e+00
1.826030000000000042e+00 -2.642981999999999942e+00
1.830070000000000086e+00 -2.633243999999999918e+00
1.834109999999999907e+00 -2.623589999999999645e+00
1.838160000000000016e+00 -2.614313999999999805e+00
1.842200000000000060e+00 -2.606703999999999688e+00
1.846240000000000103e+00 -2.607012999999999803e+00
1.850279999999999925e+00 -2.618989000000000011e+00
1.854319999999999968e+00 -2.634921999999999986e+00
1.858370000000000077e+00 -2.652219999999999800e+00
1.862409999999999899e+00 -2.670261999999999691e+00
0.000000000000000000e+00 -9.572140000000000093e-01
4.040000000000000188e-03 -9.668900000000000272e-01
8.080000000000000376e-03 -9.765150000000000219e-01
1.213000000000000016e-02 -9.860880000000000756e-01
1.617000000000000035e-02 -9.956089999999999662e-01
2.020999999999999880e-02 -1.005076999999999998e+00
2.425000000000000072e-02 -1.014491000000000032e+00
2.828999999999999918e-02 -1.023846999999999952e+00
3.234000000000000069e-02 -1.033149000000000095e+00
3.638000000000000261e-02 -1.042394999999999960e+00
4.041999999999999760e-02 -1.033565999999999985e+00
4.445999999999999952e-02 -1.023525000000000018e+00
4.850000000000000144e-02 -1.013443000000000094e+00
5.254999999999999949e-02 -1.003330999999999973e+00
5.659000000000000141e-02 -9.931849999999999845e-01
6.063000000000000334e-02 -9.830080000000001039e-01
6.467000000000000526e-02 -9.728000000000001091e-01
6.870999999999999330e-02 -9.625639999999999752e-01
7.276000000000000523e-02 -9.523000000000000353e-01
7.679999999999999327e-02 -9.420100000000000140e-01
8.083999999999999519e-02 -9.316950000000000509e-01
8.487999999999999712e-02 -9.213560000000000638e-01
8.891999999999999904e-02 -9.109960000000000280e-01
9.296999999999999709e-02 -9.006150000000000544e-01
9.700999999999999901e-02 -8.902160000000000073e-01
1.010500000000000009e-01 -8.797989999999999977e-01
1.050900000000000029e-01 -8.693670000000000009e-01
1.091300000000000048e-01 -8.589210000000000456e-01
1.131800000000000028e-01 -8.484639999999999960e-01
1.172200000000000047e-01 -8.379950000000000454e-01
1.212600000000000067e-01 -8.275190000000000046e-01
1.252999999999999947e-01 -8.170350000000000668e-01
1.293400000000000105e-01 -8.065160000000000107e-01
1.333900000000000086e-01 -7.960249999999999826e-01
1.374299999999999966e-01 -7.855320000000000080e-01
1.414700000000000124e-01 -7.750390000000000335e-01
1.455100000000000005e-01 -7.645199999999999774e-01
1.495499999999999885e-01 -7.540339999999999820e-01
1.535999999999999865e-01 -7.435559999999999947e-01
1.576400000000000023e-01 -7.330860000000000154e-01
1.616799999999999904e-01 -7.226270000000000193e-01
1.657200000000000062e-01 -7.121800000000000352e-01
1.697599999999999942e-01 -7.017189999999999817e-01
1.738099999999999923e-01 -6.913059999999999761e-01
1.778500000000000081e-01 -6.809469999999999690e-01
1.818899999999999961e-01 -6.705290000000000417e-01
1.859300000000000119e-01 -6.601810000000000178e-01
1.899700000000000000e-01 -6.498599999999999932e-01
1.940199999999999980e-01 -6.395669999999999966e-01
1.980600000000000138e-01 -6.293070000000000608e-01
2.021000000000000019e-01 -6.190799999999999637e-01
2.061399999999999899e-01 -6.088900000000000423e-01
2.101800000000000057e-01 -5.987460000000000004e-01
2.142300000000000038e-01 -5.886360000000000481e-01
2.182699999999999918e-01 -5.785710000000000575e-01
2.223100000000000076e-01 -5.685529999999999751e-01
2.263499999999999956e-01 -5.585849999999999982e-01
2.303900000000000114e-01 -5.486680000000000446e-01
2.344400000000000095e-01 -5.388089999999999824e-01
2.384799999999999975e-01 -5.290090000000000625e-01
2.425200000000000133e-01 -5.192809999999999926e-01
2.465600000000000014e-01 -5.096049999999999747e-01
2.505999999999999894e-01 -4.999949999999999672e-01
2.546499999999999875e-01 -4.904549999999999743e-01
2.586899999999999755e-01 -4.809870000000000534e-01
2.627300000000000191e-01 -4.715939999999999577e-01
2.667700000000000071e-01 -4.622800000000000242e-01
2.708099999999999952e-01 -4.530470000000000330e-01
2.748599999999999932e-01 -4.438980000000000148e-01
2.788999999999999813e-01 -4.348360000000000003e-01
2.829400000000000248e-01 -4.258640000000000203e-01
2.869800000000000129e-01 -4.169849999999999945e-01
2.910200000000000009e-01 -4.082020000000000093e-01
2.950699999999999990e-01 -3.995170000000000110e-01
2.991099999999999870e-01 -3.909340000000000037e-01
3.031499999999999750e-01 -3.824560000000000182e-01
3.071900000000000186e-01 -3.740840000000000276e-01
3.112300000000000066e-01 -3.658220000000000360e-01
3.152800000000000047e-01 -3.576719999999999899e-01
3.193199999999999927e-01 -3.496360000000000023e-01
3.233599999999999808e-01 -3.417169999999999930e-01
3.274000000000000243e-01 -3.339190000000000214e-01
3.314400000000000124e-01 -3.262390000000000012e-01
3.354900000000000104e-01 -3.186780000000000168e-01
3.395299999999999985e-01 -3.112429999999999919e-01
3.435699999999999865e-01 -3.039330000000000087e-01
3.476099999999999746e-01 -2.967480000000000118e-01
3.516500000000000181e-01 -2.896890000000000298e-01
3.557000000000000162e-01 -2.827550000000000341e-01
3.597400000000000042e-01 -2.759469999999999978e-01
3.637799999999999923e-01 -2.692620000000000013e-01
3.678199999999999803e-01 -2.626970000000000138e-01
3.718600000000000239e-01 -2.562500000000000333e-01
3.759100000000000219e-01 -2.499170000000000003e-01
3.799500000000000099e-01 -2.436920000000000197e-01
3.839899999999999980e-01 -2.375680000000000014e-01
3.880299999999999860e-01 -2.315400000000000236e-01
3.920699999999999741e-01 -2.255980000000000207e-01
3.961200000000000276e-01 -2.197300000000000364e-01
4.001600000000000157e-01 -2.139240000000000030e-01
4.042000000000000037e-01 -2.081649999999999889e-01
4.082399999999999918e-01 -2.024380000000000068e-01
4.122799999999999798e-01 -1.967240000000000100e-01
4.163299999999999779e-01 -1.910060000000000091e-01
4.203700000000000214e-01 -1.852659999999999862e-01
4.244100000000000095e-01 -1.794870000000000076e-01
4.284499999999999975e-01 -1.736599999999999810e-01
4.324899999999999856e-01 -1.677799999999999847e-01
4.365399999999999836e-01 -1.618589999999999751e-01
4.405800000000000272e-01 -1.559240000000000070e-01
4.446200000000000152e-01 -1.500400000000000067e-01
4.486600000000000033e-01 -1.442689999999999806e-01
4.526999999999999913e-01 -1.387390000000000012e-01
4.567499999999999893e-01 -1.335999999999999965e-01
4.607899999999999774e-01 -1.290270000000000028e-01
4.648300000000000209e-01 -1.252079999999999860e-01
4.688700000000000090e-01 -1.223280000000000062e-01
4.729099999999999970e-01 -1.205300000000000121e-01
4.769599999999999951e-01 -1.199190000000000117e-01
4.769599999999999951e-01 -1.199190000000000117e-01
4.809800000000000186e-01 -1.206139999999999851e-01
4.849999999999999867e-01 -1.227339999999999959e-01
4.890200000000000102e-01 -1.263770000000000171e-01
4.930399999999999783e-01 -1.316930000000000045e-01
4.970600000000000018e-01 -1.388650000000000162e-01
5.010799999999999699e-01 -1.480600000000000249e-01
5.050999999999999934e-01 -1.593760000000000177e-01
5.091099999999999515e-01 -1.727920000000000011e-01
5.131299999999999750e-01 -1.881479999999999819e-01
5.171499999999999986e-01 -2.051589999999999803e-01
5.211700000000000221e-01 -2.234510000000000107e-01
5.251900000000000457e-01 -2.426000000000000378e-01
5.292099999999999582e-01 -2.621519999999999961e-01
5.332299999999999818e-01 -2.816870000000000207e-01
5.372500000000000053e-01 -3.006679999999999908e-01
5.412700000000000289e-01 -3.187450000000000006e-01
5.452900000000000524e-01 -3.355859999999999954e-01
5.493099999999999650e-01 -3.510079999999999867e-01
5.533299999999999885e-01 -3.649220000000000241e-01
5.573500000000000121e-01 -3.774200000000000332e-01
5.613700000000000356e-01 -3.886640000000000095e-01
5.653899999999999482e-01 -3.988559999999999883e-01
5.694099999999999717e-01 -4.082020000000000093e-01
5.734299999999999953e-01 -4.168880000000000363e-01
5.774500000000000188e-01 -4.250800000000000134e-01
5.814700000000000424e-01 -4.328930000000000278e-01
5.854899999999999549e-01 -4.404399999999999982e-01
5.895099999999999785e-01 -4.478040000000000354e-01
5.935300000000000020e-01 -4.550490000000000368e-01
5.975500000000000256e-01 -4.622300000000000297e-01
6.015700000000000491e-01 -4.693869999999999987e-01
6.055899999999999617e-01 -4.765540000000000331e-01
6.096099999999999852e-01 -4.837550000000000461e-01
6.136300000000000088e-01 -4.910140000000000615e-01
6.176500000000000323e-01 -4.983469999999999844e-01
6.216699999999999449e-01 -5.057669999999999666e-01
6.256899999999999684e-01 -5.132879999999999665e-01
6.297099999999999920e-01 -5.209160000000000457e-01
6.337300000000000155e-01 -5.286619999999999653e-01
6.377500000000000391e-01 -5.365320000000000089e-01
6.417699999999999516e-01 -5.445299999999999585e-01
6.457899999999999752e-01 -5.526609999999999578e-01
6.498099999999999987e-01 -5.609279999999999822e-01
6.538300000000000223e-01 -5.693350000000000355e-01
6.578500000000000458e-01 -5.778830000000000355e-01
6.618699999999999584e-01 -5.865749999999999575e-01
6.658899999999999819e-01 -5.954129999999999701e-01
6.699100000000000055e-01 -6.043960000000000443e-01
6.739300000000000290e-01 -6.135300000000000198e-01
6.779500000000000526e-01 -6.228080000000000283e-01
6.819699999999999651e-01 -6.322429999999999994e-01
6.859899999999999887e-01 -6.418169999999999709e-01
6.900100000000000122e-01 -6.515389999999999793e-01
6.940300000000000358e-01 -6.614100000000000534e-01
6.980499999999999483e-01 -6.714269999999999960e-01
7.020699999999999719e-01 -6.816060000000000452e-01
7.060899999999999954e-01 -6.919170000000000043e-01
7.101100000000000190e-01 -7.023730000000000251e-01
7.141300000000000425e-01 -7.129750000000000254e-01
7.181499999999999551e-01 -7.237210000000000587e-01
7.221699999999999786e-01 -7.346099999999999852e-01
7.261900000000000022e-01 -7.456420000000000270e-01
7.302100000000000257e-01 -7.568160000000000442e-01
7.342300000000000493e-01 -7.681299999999999795e-01
7.382499999999999618e-01 -7.795830000000000259e-01
7.422699999999999854e-01 -7.911749999999999616e-01
7.462900000000000089e-01 -8.029030000000000333e-01
7.503100000000000325e-01 -8.147670000000000190e-01
7.543299999999999450e-01 -8.267660000000000009e-01
7.583499999999999686e-01 -8.388999999999999790e-01
7.623699999999999921e-01 -8.511800000000000477e-01
7.663900000000000157e-01 -8.635740000000000638e-01
7.704100000000000392e-01 -8.760959999999999859e-01
7.744299999999999518e-01 -8.887439999999999785e-01
7.784499999999999753e-01 -9.015199999999999880e-01
7.824699999999999989e-01 -9.144140000000000601e-01
7.864900000000000224e-01 -9.274390000000000134e-01
7.905100000000000460e-01 -9.405890000000000084e-01
7.945299999999999585e-01 -9.538419999999999677e-01
7.985499999999999821e-01 -9.672239999999999727e-01
8.025700000000000056e-01 -9.807300000000001017e-01
8.065900000000000292e-01 -9.943420000000000591e-01
8.106100000000000527e-01 -1.008067000000000046e+00
8.146299999999999653e-01 -1.021903999999999924e+00
8.186499999999999888e-01 -1.035849000000000020e+00
8.226700000000000124e-01 -1.049902000000000113e+00
8.266900000000000359e-01 -1.064060999999999924e+00
8.307099999999999485e-01 -1.078322000000000003e+00
8.347299999999999720e-01 -1.092686999999999964e+00
8.387499999999999956e-01 -1.107150999999999996e+00
8.427700000000000191e-01 -1.121712000000000042e+00
8.467900000000000427e-01 -1.136390000000000011e+00
8.508099999999999552e-01 -1.151140000000000052e+00
8.548299999999999788e-01 -1.165982000000000074e+00
8.588500000000000023e-01 -1.180914999999999937e+00
8.628700000000000259e-01 -1.195934999999999970e+00
8.668900000000000494e-01 -1.211040000000000116e+00
8.709099999999999620e-01 -1.226225000000000120e+00
8.749299999999999855e-01 -1.241495000000000015e+00
8.789500000000000091e-01 -1.256844000000000072e+00
8.829700000000000326e-01 -1.272272000000000070e+00
8.869899999999999451e-01 -1.287773999999999974e+00
8.910099999999999687e-01 -1.303353999999999902e+00
8.950299999999999923e-01 -1.318999999999999950e+00
8.990500000000000158e-01 -1.334713000000000038e+00
9.030599999999999739e-01 -1.350518000000000107e+00
9.070799999999999974e-01 -1.366362999999999994e+00
9.111000000000000210e-01 -1.382254000000000094e+00
9.151200000000000445e-01 -1.398219000000000101e+00
9.191399999999999570e-01 -1.414241000000000081e+00
9.231599999999999806e-01 -1.430317000000000061e+00
9.271800000000000042e-01 -1.446412000000000031e+00
9.312000000000000277e-01 -1.462592000000000114e+00
9.352200000000000513e-01 -1.478820000000000023e+00
9.392399999999999638e-01 -1.495093000000000005e+00
9.432599999999999874e-01 -1.511406999999999945e+00
9.472800000000000109e-01 -1.527764000000000122e+00
9.513000000000000345e-01 -1.544159999999999977e+00
9.553199999999999470e-01 -1.560591999999999979e+00
9.593399999999999705e-01 -1.577058000000000071e+00
9.633599999999999941e-01 -1.593555999999999973e+00
9.673800000000000177e-01 -1.610081000000000095e+00
9.714000000000000412e-01 -1.626632999999999996e+00
9.754199999999999537e-01 -1.643210000000000059e+00
9.794399999999999773e-01 -1.659807999999999950e+00
9.834600000000000009e-01 -1.676428999999999947e+00
9.874800000000000244e-01 -1.693063999999999902e+00
9.915000000000000480e-01 -1.709713999999999956e+00
9.955199999999999605e-01 -1.726374999999999993e+00
9.995399999999999840e-01 -1.743044999999999956e+00
1.003560000000000008e+00 -1.759722000000000008e+00
1.007579999999999920e+00 -1.776404000000000094e+00
1.011600000000000055e+00 -1.793087000000000097e+00
1.015619999999999967e+00 -1.809768999999999961e+00
1.019640000000000102e+00 -1.826449999999999907e+00
1.023660000000000014e+00 -1.843121999999999927e+00
1.027679999999999927e+00 -1.859785000000000021e+00
1.031700000000000061e+00 -1.876433000000000018e+00
1.035719999999999974e+00 -1.893070999999999948e+00
1.039740000000000109e+00 -1.909691999999999945e+00
1.043760000000000021e+00 -1.926293999999999951e+00
1.047779999999999934e+00 -1.942876000000000047e+00
1.051800000000000068e+00 -1.959430000000000005e+00
1.055819999999999981e+00 -1.975961000000000078e+00
1.059839999999999893e+00 -1.992457000000000145e+00
1.063860000000000028e+00 -2.008919999999999817e+00
1.067879999999999940e+00 -2.025345999999999869e+00
1.071900000000000075e+00 -2.041732999999999798e+00
1.075919999999999987e+00 -2.058058999999999639e+00
1.079939999999999900e+00 -2.074358999999999842e+00
1.083960000000000035e+00 -2.090609999999999857e+00
1.087979999999999947e+00 -2.106809999999999850e+00
1.092000000000000082e+00 -2.122955999999999843e+00
1.096019999999999994e+00 -2.139044999999999863e+00
1.100039999999999907e+00 -2.155072999999999794e+00
1.104060000000000041e+00 -2.171041999999999916e+00
1.108079999999999954e+00 -2.186938999999999744e+00
1.112100000000000088e+00 -2.202764999999999862e+00
1.116120000000000001e+00 -2.218516999999999850e+00
1.120139999999999914e+00 -2.234191999999999734e+00
1.124160000000000048e+00 -2.249785999999999841e+00
1.128179999999999961e+00 -2.265294999999999614e+00
1.132200000000000095e+00 -2.280715999999999966e+00
1.136220000000000008e+00 -2.296045999999999587e+00
1.140239999999999920e+00 -2.311280000000000001e+00
1.144260000000000055e+00 -2.326413999999999760e+00
1.148279999999999967e+00 -2.341445999999999916e+00
1.152300000000000102e+00 -2.356368999999999936e+00
1.156320000000000014e+00 -2.371181999999999679e+00
1.160339999999999927e+00 -2.385878999999999639e+00
1.164360000000000062e+00 -2.400456999999999841e+00
1.168379999999999974e+00 -2.414910999999999586e+00
1.172400000000000109e+00 -2.429235999999999951e+00
1.176420000000000021e+00 -2.443429999999999769e+00
1.180439999999999934e+00 -2.457486999999999977e+00
1.184460000000000068e+00 -2.471401999999999877e+00
1.188479999999999981e+00 -2.485177999999999887e+00
1.192499999999999893e+00 -2.498797999999999853e+00
1.196520000000000028e+00 -2.512261999999999773e+00
1.200539999999999941e+00 -2.525564999999999838e+00
1.204560000000000075e+00 -2.538702999999999932e+00
1.208579999999999988e+00 -2.551669999999999661e+00
1.212599999999999900e+00 -2.564460999999999657e+00
1.216620000000000035e+00 -2.577071999999999807e+00
1.220639999999999947e+00 -2.589494999999999880e+00
1.224660000000000082e+00 -2.601727999999999597e+00
1.228679999999999994e+00 -2.613758999999999943e+00
1.232699999999999907e+00 -2.625591999999999704e+00
1.236720000000000041e+00 -2.637218999999999980e+00
1.240739999999999954e+00 -2.648629999999999818e+00
1.244760000000000089e+00 -2.659815999999999736e+00
1.248780000000000001e+00 -2.670781999999999989e+00
1.252799999999999914e+00 -2.681518999999999764e+00
1.256820000000000048e+00 -2.692016999999999882e+00
1.260839999999999961e+00 -2.702271999999999785e+00
1.264860000000000095e+00 -2.712266999999999761e+00
1.268880000000000008e+00 -2.722017999999999827e+00
1.272899999999999920e+00 -2.731509999999999661e+00
1.276920000000000055e+00 -2.740733999999999781e+00
1.280939999999999968e+00 -2.749685999999999630e+00
1.284960000000000102e+00 -2.758359999999999701e+00
1.288980000000000015e+00 -2.766749999999999599e+00
1.292999999999999927e+00 -2.774849999999999817e+00
1.297009999999999996e+00 -2.782654999999999657e+00
1.301029999999999909e+00 -2.790157999999999916e+00
1.305050000000000043e+00 -2.797353999999999896e+00
1.309069999999999956e+00 -2.804241999999999901e+00
1.313090000000000090e+00 -2.810808999999999891e+00
1.317110000000000003e+00 -2.817048999999999914e+00
1.321129999999999916e+00 -2.822956999999999717e+00
1.325150000000000050e+00 -2.828540999999999972e+00
1.329169999999999963e+00 -2.833788999999999891e+00
1.333190000000000097e+00 -2.838694999999999968e+00
1.337210000000000010e+00 -2.843254999999999644e+00
1.341229999999999922e+00 -2.847464999999999691e+00
1.345250000000000057e+00 -2.851321999999999690e+00
1.349269999999999969e+00 -2.854821999999999971e+00
1.353290000000000104e+00 -2.857961999999999669e+00
1.357310000000000016e+00 -2.860739999999999839e+00
1.361329999999999929e+00 -2.863151999999999919e+00
1.365350000000000064e+00 -2.865197999999999912e+00
1.369369999999999976e+00 -2.866865999999999914e+00
1.373390000000000111e+00 -2.868170999999999804e+00
1.377410000000000023e+00 -2.869103999999999655e+00
1.381429999999999936e+00 -2.869663999999999771e+00
1.385450000000000070e+00 -2.869850999999999708e+00
1.385450000000000070e+00 -2.869850999999999708e+00
1.389489999999999892e+00 -2.869664999999999910e+00
1.393540000000000001e+00 -2.869106999999999630e+00
1.397580000000000044e+00 -2.868194999999999606e+00
1.401620000000000088e+00 -2.866893999999999831e+00
1.405659999999999910e+00 -2.865222999999999853e+00
1.409699999999999953e+00 -2.863181999999999672e+00
1.413750000000000062e+00 -2.860798999999999648e+00
1.417790000000000106e+00 -2.858029999999999848e+00
1.421829999999999927e+00 -2.854899999999999771e+00
1.425869999999999971e+00 -2.851411999999999836e+00
1.429910000000000014e+00 -2.847569999999999713e+00
1.433959999999999901e+00 -2.843375999999999681e+00
1.437999999999999945e+00 -2.838836999999999833e+00
1.442039999999999988e+00 -2.833958999999999673e+00
1.446080000000000032e+00 -2.828739999999999810e+00
1.450120000000000076e+00 -2.823188999999999726e+00
1.454169999999999963e+00 -2.817311999999999816e+00
1.458210000000000006e+00 -2.811113999999999891e+00
1.462250000000000050e+00 -2.804601999999999595e+00
1.466290000000000093e+00 -2.797781999999999769e+00
1.470329999999999915e+00 -2.790661999999999754e+00
1.474380000000000024e+00 -2.783247999999999944e+00
1.478420000000000067e+00 -2.775548999999999822e+00
1.482460000000000111e+00 -2.767571999999999921e+00
1.486499999999999932e+00 -2.759324999999999584e+00
1.490539999999999976e+00 -2.750816999999999624e+00
1.494590000000000085e+00 -2.742056999999999967e+00
1.498629999999999907e+00 -2.733053999999999650e+00
1.502669999999999950e+00 -2.723817999999999628e+00
1.506709999999999994e+00 -2.714356999999999687e+00
1.510750000000000037e+00 -2.704685999999999702e+00
1.514799999999999924e+00 -2.694801000000000002e+00
1.518839999999999968e+00 -2.684732999999999592e+00
1.522880000000000011e+00 -2.674499999999999655e+00
1.526920000000000055e+00 -2.664083999999999897e+00
1.530960000000000099e+00 -2.653507999999999978e+00
1.535009999999999986e+00 -2.642786999999999775e+00
1.539050000000000029e+00 -2.631931999999999938e+00
1.543090000000000073e+00 -2.620957999999999899e+00
1.547129999999999894e+00 -2.609882999999999953e+00
1.551169999999999938e+00 -2.598707999999999796e+00
1.555220000000000047e+00 -2.587453999999999699e+00
1.559260000000000090e+00 -2.576134999999999842e+00
1.563299999999999912e+00 -2.564765999999999657e+00
1.567339999999999955e+00 -2.553335999999999828e+00
1.571379999999999999e+00 -2.541912999999999645e+00
1.575430000000000108e+00 -2.530486999999999931e+00
1.579469999999999930e+00 -2.519072999999999674e+00
1.583509999999999973e+00 -2.507689999999999753e+00
1.587550000000000017e+00 -2.496352999999999600e+00
1.591590000000000060e+00 -2.485079999999999956e+00
1.595639999999999947e+00 -2.473888999999999783e+00
1.599679999999999991e+00 -2.462796999999999681e+00
1.603720000000000034e+00 -2.451824999999999921e+00
1.607760000000000078e+00 -2.440990999999999911e+00
1.611799999999999899e+00 -2.430314999999999781e+00
1.615850000000000009e+00 -2.419817999999999802e+00
1.619890000000000052e+00 -2.409518999999999966e+00
1.623930000000000096e+00 -2.399440999999999935e+00
1.627969999999999917e+00 -2.389604999999999979e+00
1.632009999999999961e+00 -2.380066999999999933e+00
1.636060000000000070e+00 -2.370772999999999797e+00
1.640099999999999891e+00 -2.361803999999999792e+00
1.644139999999999935e+00 -2.353153999999999968e+00
1.648179999999999978e+00 -2.344877999999999574e+00
1.652220000000000022e+00 -2.336976999999999638e+00
1.656269999999999909e+00 -2.329482999999999748e+00
1.660309999999999953e+00 -2.322421999999999986e+00
1.664349999999999996e+00 -2.315820999999999685e+00
1.668390000000000040e+00 -2.309704999999999675e+00
1.672430000000000083e+00 -2.304097999999999757e+00
1.676479999999999970e+00 -2.299033999999999800e+00
1.680520000000000014e+00 -2.294537999999999744e+00
1.684560000000000057e+00 -2.290635999999999672e+00
1.688600000000000101e+00 -2.287354999999999805e+00
1.692639999999999922e+00 -2.284723999999999755e+00
1.696690000000000031e+00 -2.282766999999999769e+00
1.700730000000000075e+00 -2.281510999999999623e+00
1.704769999999999897e+00 -2.280947999999999976e+00
1.708809999999999940e+00 -2.281153999999999904e+00
1.712849999999999984e+00 -2.282114999999999672e+00
1.716900000000000093e+00 -2.283828999999999887e+00
1.720939999999999914e+00 -2.286313999999999957e+00
1.724979999999999958e+00 -2.289550999999999892e+00
1.729020000000000001e+00 -2.293523999999999674e+00
1.733060000000000045e+00 -2.298204999999999831e+00
1.737109999999999932e+00 -2.303558999999999912e+00
1.741149999999999975e+00 -2.309542999999999680e+00
1.745190000000000019e+00 -2.316110999999999809e+00
1.749230000000000063e+00 -2.323213999999999668e+00
1.753270000000000106e+00 -2.330803999999999654e+00
1.757319999999999993e+00 -2.338833999999999858e+00
1.761360000000000037e+00 -2.347262999999999877e+00
1.765400000000000080e+00 -2.356050999999999895e+00
1.769439999999999902e+00 -2.365186999999999706e+00
1.773479999999999945e+00 -2.374599999999999600e+00
1.777530000000000054e+00 -2.384290999999999716e+00
1.781570000000000098e+00 -2.394243999999999595e+00
1.785609999999999919e+00 -2.404448999999999614e+00
1.789649999999999963e+00 -2.414900999999999964e+00
1.793690000000000007e+00 -2.425600999999999896e+00
1.797739999999999894e+00 -2.436548999999999854e+00
1.801779999999999937e+00 -2.447769999999999779e+00
1.805819999999999981e+00 -2.459275999999999573e+00
1.809860000000000024e+00 -2.471088999999999647e+00
1.813900000000000068e+00 -2.483236999999999917e+00
1.817949999999999955e+00 -2.495747999999999855e+00
1.821989999999999998e+00 -2.508649999999999824e+00
1.826030000000000042e+00 -2.521960999999999675e+00
1.830070000000000086e+00 -2.535676999999999737e+00
1.834109999999999907e+00 -2.549728999999999690e+00
1.838160000000000016e+00 -2.563839999999999897e+00
1.842200000000000060e+00 -2.576727999999999685e+00
1.846240000000000103e+00 -2.582148999999999806e+00
1.850279999999999925e+00 -2.576303999999999927e+00
1.854319999999999968e+00 -2.566888999999999754e+00
1.858370000000000077e+00 -2.556494999999999962e+00
1.862409999999999899e+00 -2.545623999999999665e+00
0.000000000000000000e+00 -9.572140000000000093e-01
4.040000000000000188e-03 -9.668900000000000272e-01
8.080000000000000376e-03 -9.765150000000000219e-01
1.213000000000000016e-02 -9.860880000000000756e-01
1.617000000000000035e-02 -9.956089999999999662e-01
2.020999999999999880e-02 -1.005076999999999998e+00
2.425000000000000072e-02 -1.014491000000000032e+00
2.828999999999999918e-02 -1.023846999999999952e+00
3.234000000000000069e-02 -1.033149000000000095e+00
3.638000000000000261e-02 -1.042394999999999960e+00
4.041999999999999760e-02 -1.033565999999999985e+00
4.445999999999999952e-02 -1.023525000000000018e+00
4.850000000000000144e-02 -1.013443000000000094e+00
5.254999999999999949e-02 -1.003330999999999973e+00
5.659000000000000141e-02 -9.931849999999999845e-01
6.063000000000000334e-02 -9.830080000000001039e-01
6.467000000000000526e-02 -9.728000000000001091e-01
6.870999999999999330e-02 -9.625639999999999752e-01
7.276000000000000523e-02 -9.523000000000000353e-01
7.679999999999999327e-02 -9.420100000000000140e-01
8.083999999999999519e-02 -9.316950000000000509e-01
8.487999999999999712e-02 -9.213560000000000638e-01
8.891999999999999904e-02 -9.109960000000000280e-01
9.296999999999999709e-02 -9.006150000000000544e-01
9.700999999999999901e-02 -8.902160000000000073e-01
1.010500000000000009e-01 -8.797989999999999977e-01
1.050900000000000029e-01 -8.693670000000000009e-01
1.091300000000000048e-01 -8.589210000000000456e-01
1.131800000000000028e-01 -8.484639999999999960e-01
1.172200000000000047e-01 -8.379950000000000454e-01
1.212600000000000067e-01 -8.275190000000000046e-01
1.252999999999999947e-01 -8.170350000000000668e-01
1.293400000000000105e-01 -8.065160000000000107e-01
1.333900000000000086e-01 -7.960249999999999826e-01
1.374299999999999966e-01 -7.855320000000000080e-01
1.414700000000000124e-01 -7.750390000000000335e-01
1.455100000000000005e-01 -7.645199999999999774e-01
1.495499999999999885e-01 -7.540339999999999820e-01
1.535999999999999865e-01 -7.435559999999999947e-01
1.576400000000000023e-01 -7.330860000000000154e-01
1.616799999999999904e-01 -7.226270000000000193e-01
1.657200000000000062e-01 -7.121800000000000352e-01
1.697599999999999942e-01 -7.017189999999999817e-01
1.738099999999999923e-01 -6.913059999999999761e-01
1.778500000000000081e-01 -6.809469999999999690e-01
1.818899999999999961e-01 -6.705290000000000417e-01
1.859300000000000119e-01 -6.601810000000000178e-01
1.899700000000000000e-01 -6.498599999999999932e-01
1.940199999999999980e-01 -6.395669999999999966e-01
1.980600000000000138e-01 -6.293070000000000608e-01
2.021000000000000019e-01 -6.190799999999999637e-01
2.061399999999999899e-01 -6.088900000000000423e-01
2.101800000000000057e-01 -5.987460000000000004e-01
2.142300000000000038e-01 -5.886360000000000481e-01
2.182699999999999918e-01 -5.785710000000000575e-01
2.223100000000000076e-01 -5.685529999999999751e-01
2.263499999999999956e-01 -5.585849999999999982e-01
2.303900000000000114e-01 -5.486680000000000446e-01
2.344400000000000095e-01 -5.388089999999999824e-01
2.384799999999999975e-01 -5.290090000000000625e-01
2.425200000000000133e-01 -5.192809999999999926e-01
2.465600000000000014e-01 -5.096049999999999747e-01
2.505999999999999894e-01 -4.999949999999999672e-01
2.546499999999999875e-01 -4.904549999999999743e-01
2.586899999999999755e-01 -4.809870000000000534e-01
2.627300000000000191e-01 -4.715939999999999577e-01
2.667700000000000071e-01 -4.622800000000000242e-01
2.708099999999999952e-01 -4.530470000000000330e-01
2.748599999999999932e-01 -4.438980000000000148e-01
2.788999999999999813e-01 -4.348360000000000003e-01
2.829400000000000248e-01 -4.258640000000000203e-01
2.869800000000000129e-01 -4.169849999999999945e-01
2.910200000000000009e-01 -4.082020000000000093e-01
2.950699999999999990e-01 -3.995170000000000110e-01
2.991099999999999870e-01 -3.909340000000000037e-01
3.031499999999999750e-01 -3.824560000000000182e-01
3.071900000000000186e-01 -3.740840000000000276e-01
3.112300000000000066e-01 -3.658220000000000360e-01
3.152800000000000047e-01 -3.576719999999999899e-01
3.193199999999999927e-01 -3.496360000000000023e-01
3.233599999999999808e-01 -3.417169999999999930e-01
3.274000000000000243e-01 -3.339190000000000214e-01
3.314400000000000124e-01 -3.262390000000000012e-01
3.354900000000000104e-01 -3.186780000000000168e-01
3.395299999999999985e-01 -3.112429999999999919e-01
3.435699999999999865e-01 -3.039330000000000087e-01
3.476099999999999746e-01 -2.967480000000000118e-01
3.516500000000000181e-01 -2.896890000000000298e-01
3.557000000000000162e-01 -2.827550000000000341e-01
3.597400000000000042e-01 -2.759469999999999978e-01
3.637799999999999923e-01 -2.692620000000000013e-01
3.678199999999999803e-01 -2.626970000000000138e-01
3.718600000000000239e-01 -2.562500000000000333e-01
3.759100000000000219e-01 -2.499170000000000003e-01
3.799500000000000099e-01 -2.436920000000000197e-01
3.839899999999999980e-01 -2.375680000000000014e-01
3.880299999999999860e-01 -2.315400000000000236e-01
3.920699999999999741e-01 -2.255980000000000207e-01
3.961200000000000276e-01 -2.197300000000000364e-01
4.001600000000000157e-01 -2.139240000000000030e-01
4.042000000000000037e-01 -2.081649999999999889e-01
4.082399999999999918e-01 -2.024380000000000068e-01
4.122799999999999798e-01 -1.967240000000000100e-01
4.163299999999999779e-01 -1.910060000000000091e-01
4.203700000000000214e-01 -1.852659999999999862e-01
4.244100000000000095e-01 -1.794870000000000076e-01
4.284499999999999975e-01 -1.736599999999999810e-01
4.324899999999999856e-01 -1.677799999999999847e-01
4.365399999999999836e-01 -1.618589999999999751e-01
4.405800000000000272e-01 -1.559240000000000070e-01
4.446200000000000152e-01 -1.500400000000000067e-01
4.486600000000000033e-01 -1.442689999999999806e-01
4.526999999999999913e-01 -1.387390000000000012e-01
4.567499999999999893e-01 -1.335999999999999965e-01
4.607899999999999774e-01 -1.290270000000000028e-01
4.648300000000000209e-01 -1.252079999999999860e-01
4.688700000000000090e-01 -1.223280000000000062e-01
4.729099999999999970e-01 -1.205300000000000121e-01
4.769599999999999951e-01 -1.199190000000000117e-01
4.769599999999999951e-01 -1.199190000000000117e-01
4.809800000000000186e-01 -1.206139999999999851e-01
4.849999999999999867e-01 -1.227339999999999959e-01
4.890200000000000102e-01 -1.263770000000000171e-01
4.930399999999999783e-01 -1.316930000000000045e-01
4.970600000000000018e-01 -1.388650000000000162e-01
5.010799999999999699e-01 -1.480600000000000249e-01
5.050999999999999934e-01 -1.593760000000000177e-01
5.091099999999999515e-01 -1.727920000000000011e-01
5.131299999999999750e-01 -1.881479999999999819e-01
5.171499999999999986e-01 -2.051589999999999803e-01
5.211700000000000221e-01 -2.234510000000000107e-01
5.251900000000000457e-01 -2.426000000000000378e-01
5.292099999999999582e-01 -2.621519999999999961e-01
5.332299999999999818e-01 -2.816870000000000207e-01
5.372500000000000053e-01 -3.006679999999999908e-01
5.412700000000000289e-01 -3.187450000000000006e-01
5.452900000000000524e-01 -3.355859999999999954e-01
5.493099999999999650e-01 -3.510079999999999867e-01
5.533299999999999885e-01 -3.649220000000000241e-01
5.573500000000000121e-01 -3.774200000000000332e-01
5.613700000000000356e-01 -3.886640000000000095e-01
5.653899999999999482e-01 -3.988559999999999883e-01
5.694099999999999717e-01 -4.082020000000000093e-01
5.734299999999999953e-01 -4.168880000000000363e-01
5.774500000000000188e-01 -4.250800000000000134e-01
5.814700000000000424e-01 -4.328930000000000278e-01
5.854899999999999549e-01 -4.404399999999999982e-01
5.895099999999999785e-01 -4.478040000000000354e-01
5.935300000000000020e-01 -4.550490000000000368e-01
5.975500000000000256e-01 -4.622300000000000297e-01
6.015700000000000491e-01 -4.693869999999999987e-01
6.055899999999999617e-01 -4.765540000000000331e-01
6.096099999999999852e-01 -4.837550000000000461e-01
6.136300000000000088e-01 -4.910140000000000615e-01
6.176500000000000323e-01 -4.983469999999999844e-01
6.216699999999999449e-01 -5.057669999999999666e-01
6.256899999999999684e-01 -5.132879999999999665e-01
6.297099999999999920e-01 -5.209160000000000457e-01
6.337300000000000155e-01 -5.286619999999999653e-01
6.377500000000000391e-01 -5.365320000000000089e-01
6.417699999999999516e-01 -5.445299999999999585e-01
6.457899999999999752e-01 -5.526609999999999578e-01
6.498099999999999987e-01 -5.609279999999999822e-01
6.538300000000000223e-01 -5.693350000000000355e-01
6.578500000000000458e-01 -5.778830000000000355e-01
6.618699999999999584e-01 -5.865749999999999575e-01
6.658899999999999819e-01 -5.954129999999999701e-01
6.699100000000000055e-01 -6.043960000000000443e-01
6.739300000000000290e-01 -6.135300000000000198e-01
6.779500000000000526e-01 -6.228080000000000283e-01
6.819699999999999651e-01 -6.322429999999999994e-01
6.859899999999999887e-01 -6.418169999999999709e-01
6.900100000000000122e-01 -6.515389999999999793e-01
6.940300000000000358e-01 -6.614100000000000534e-01
6.980499999999999483e-01 -6.714269999999999960e-01
7.020699999999999719e-01 -6.816060000000000452e-01
7.060899999999999954e-01 -6.919170000000000043e-01
7.101100000000000190e-01 -7.023730000000000251e-01
7.141300000000000425e-01 -7.129750000000000254e-01
7.181499999999999551e-01 -7.237210000000000587e-01
7.221699999999999786e-01 -7.346099999999999852e-01
7.261900000000000022e-01 -7.456420000000000270e-01
7.302100000000000257e-01 -7.568160000000000442e-01
7.342300000000000493e-01 -7.681299999999999795e-01
7.382499999999999618e-01 -7.795830000000000259e-01
7.422699999999999854e-01 -7.911749999999999616e-01
7.462900000000000089e-01 -8.029030000000000333e-01
7.503100000000000325e-01 -8.147670000000000190e-01
7.543299999999999450e-01 -8.267660000000000009e-01
7.583499999999999686e-01 -8.388999999999999790e-01
7.623699999999999921e-01 -8.511800000000000477e-01
7.663900000000000157e-01 -8.635740000000000638e-01
7.704100000000000392e-01 -8.760959999999999859e-01
7.744299999999999518e-01 -8.887439999999999785e-01
7.784499999999999753e-01 -9.015199999999999880e-01
7.824699999999999989e-01 -9.144140000000000601e-01
7.864900000000000224e-01 -9.274390000000000134e-01
7.905100000000000460e-01 -9.405890000000000084e-01
7.945299999999999585e-01 -9.538419999999999677e-01
7.985499999999999821e-01 -9.672239999999999727e-01
8.025700000000000056e-01 -9.807300000000001017e-01
8.065900000000000292e-01 -9.943420000000000591e-01
8.106100000000000527e-01 -1.008067000000000046e+00
8.146299999999999653e-01 -1.021903999999999924e+00
8.186499999999999888e-01 -1.035849000000000020e+00
8.226700000000000124e-01 -1.049902000000000113e+00
8.266900000000000359e-01 -1.064060999999999924e+00
8.307099999999999485e-01 -1.078322000000000003e+00
8.347299999999999720e-01 -1.092686999999999964e+00
8.387499999999999956e-01 -1.107150999999999996e+00
8.427700000000000191e-01 -1.121712000000000042e+00
8.467900000000000427e-01 -1.136390000000000011e+00
8.508099999999999552e-01 -1.151140000000000052e+00
8.548299999999999788e-01 -1.165982000000000074e+00
8.588500000000000023e-01 -1.180914999999999937e+00
8.628700000000000259e-01 -1.195934999999999970e+00
8.668900000000000494e-01 -1.211040000000000116e+00
8.709099999999999620e-01 -1.226225000000000120e+00
8.749299999999999855e-01 -1.241495000000000015e+00
8.789500000000000091e-01 -1.256844000000000072e+00
8.829700000000000326e-01 -1.272272000000000070e+00
8.869899999999999451e-01 -1.287773999999999974e+00
8.910099999999999687e-01 -1.303353999999999902e+00
8.950299999999999923e-01 -1.318999999999999950e+00
8.990500000000000158e-01 -1.334713000000000038e+00
9.030599999999999739e-01 -1.350518000000000107e+00
9.070799999999999974e-01 -1.366362999999999994e+00
9.111000000000000210e-01 -1.382254000000000094e+00
9.151200000000000445e-01 -1.398219000000000101e+00
9.191399999999999570e-01 -1.414241000000000081e+00
9.231599999999999806e-01 -1.430317000000000061e+00
9.271800000000000042e-01 -1.446412000000000031e+00
9.312000000000000277e-01 -1.462592000000000114e+00
9.352200000000000513e-01 -1.478820000000000023e+00
9.392399999999999638e-01 -1.495093000000000005e+00
9.432599999999999874e-01 -1.511406999999999945e+00
9.472800000000000109e-01 -1.527764000000000122e+00
9.513000000000000345e-01 -1.544159999999999977e+00
9.553199999999999470e-01 -1.560591999999999979e+00
9.593399999999999705e-01 -1.577058000000000071e+00
9.633599999999999941e-01 -1.593555999999999973e+00
9.673800000000000177e-01 -1.610081000000000095e+00
9.714000000000000412e-01 -1.626632999999999996e+00
9.754199999999999537e-01 -1.643210000000000059e+00
9.794399999999999773e-01 -1.659807999999999950e+00
9.834600000000000009e-01 -1.676428999999999947e+00
9.874800000000000244e-01 -1.693063999999999902e+00
9.915000000000000480e-01 -1.709713999999999956e+00
9.955199999999999605e-01 -1.726374999999999993e+00
9.995399999999999840e-01 -1.743044999999999956e+00
1.003560000000000008e+00 -1.759722000000000008e+00
1.007579999999999920e+00 -1.776404000000000094e+00
1.011600000000000055e+00 -1.793087000000000097e+00
1.015619999999999967e+00 -1.809768999999999961e+00
1.019640000000000102e+00 -1.826449999999999907e+00
1.023660000000000014e+00 -1.843121999999999927e+00
1.027679999999999927e+00 -1.859785000000000021e+00
1.031700000000000061e+00 -1.876433000000000018e+00
1.035719999999999974e+00 -1.893070999999999948e+00
1.039740000000000109e+00 -1.909691999999999945e+00
1.043760000000000021e+00 -1.926293999999999951e+00
1.047779999999999934e+00 -1.942876000000000047e+00
1.051800000000000068e+00 -1.959430000000000005e+00
1.055819999999999981e+00 -1.975961000000000078e+00
1.059839999999999893e+00 -1.992457000000000145e+00
1.063860000000000028e+00 -2.008919999999999817e+00
1.067879999999999940e+00 -2.025345999999999869e+00
1.071900000000000075e+00 -2.041732999999999798e+00
1.075919999999999987e+00 -2.058058999999999639e+00
1.079939999999999900e+00 -2.074358999999999842e+00
1.083960000000000035e+00 -2.090609999999999857e+00
1.087979999999999947e+00 -2.106809999999999850e+00
1.092000000000000082e+00 -2.122955999999999843e+00
1.096019999999999994e+00 -2.139044999999999863e+00
1.100039999999999907e+00 -2.155072999999999794e+00
1.104060000000000041e+00 -2.171041999999999916e+00
1.108079999999999954e+00 -2.186938999999999744e+00
1.112100000000000088e+00 -2.202764999999999862e+00
1.116120000000000001e+00 -2.218516999999999850e+00
1.120139999999999914e+00 -2.234191999999999734e+00
1.124160000000000048e+00 -2.249785999999999841e+00
1.128179999999999961e+00 -2.265294999999999614e+00
1.132200000000000095e+00 -2.280715999999999966e+00
1.136220000000000008e+00 -2.296045999999999587e+00
1.140239999999999920e+00 -2.311280000000000001e+00
1.144260000000000055e+00 -2.326413999999999760e+00
1.148279999999999967e+00 -2.341445999999999916e+00
1.152300000000000102e+00 -2.356368999999999936e+00
1.156320000000000014e+00 -2.371181999999999679e+00
1.160339999999999927e+00 -2.385878999999999639e+00
1.164360000000000062e+00 -2.400456999999999841e+00
1.168379999999999974e+00 -2.414910999999999586e+00
1.172400000000000109e+00 -2.429235999999999951e+00
1.176420000000000021e+00 -2.443429999999999769e+00
1.180439999999999934e+00 -2.457486999999999977e+00
1.184460000000000068e+00 -2.471401999999999877e+00
1.188479999999999981e+00 -2.485177999999999887e+00
1.192499999999999893e+00 -2.498797999999999853e+00
1.196520000000000028e+00 -2.512261999999999773e+00
1.200539999999999941e+00 -2.525564999999999838e+00
1.204560000000000075e+00 -2.538702999999999932e+00
1.208579999999999988e+00 -2.551669999999999661e+00
1.212599999999999900e+00 -2.564460999999999657e+00
1.216620000000000035e+00 -2.577071999999999807e+00
1.220639999999999947e+00 -2.589494999999999880e+00
1.224660000000000082e+00 -2.601727999999999597e+00
1.228679999999999994e+00 -2.613758999999999943e+00
1.232699999999999907e+00 -2.625591999999999704e+00
1.236720000000000041e+00 -2.637218999999999980e+00
1.240739999999999954e+00 -2.648629999999999818e+00
1.244760000000000089e+00 -2.659815999999999736e+00
1.248780000000000001e+00 -2.670781999999999989e+00
1.252799999999999914e+00 -2.681518999999999764e+00
1.256820000000000048e+00 -2.692016999999999882e+00
1.260839999999999961e+00 -2.702271999999999785e+00
1.264860000000000095e+00 -2.712266999999999761e+00
1.268880000000000008e+00 -2.722017999999999827e+00
1.272899999999999920e+00 -2.731509999999999661e+00
1.276920000000000055e+00 -2.740733999999999781e+00
1.280939999999999968e+00 -2.749685999999999630e+00
1.284960000000000102e+00 -2.758359999999999701e+00
1.288980000000000015e+00 -2.766749999999999599e+00
1.292999999999999927e+00 -2.774849999999999817e+00
1.297009999999999996e+00 -2.782654999999999657e+00
1.301029999999999909e+00 -2.790157999999999916e+00
1.305050000000000043e+00 -2.797353999999999896e+00
1.309069999999999956e+00 -2.804241999999999901e+00
1.313090000000000090e+00 -2.810808999999999891e+00
1.317110000000000003e+00 -2.817048999999999914e+00
1.321129999999999916e+00 -2.822956999999999717e+00
1.325150000000000050e+00 -2.828540999999999972e+00
1.329169999999999963e+00 -2.833788999999999891e+00
1.333190000000000097e+00 -2.838694999999999968e+00
1.337210000000000010e+00 -2.843254999999999644e+00
1.341229999999999922e+00 -2.847464999999999691e+00
1.345250000000000057e+00 -2.851321999999999690e+00
1.349269999999999969e+00 -2.854821999999999971e+00
1.353290000000000104e+00 -2.857961999999999669e+00
1.357310000000000016e+00 -2.860739999999999839e+00
1.361329999999999929e+00 -2.863151999999999919e+00
1.365350000000000064e+00 -2.865197999999999912e+00
1.369369999999999976e+00 -2.866865999999999914e+00
1.373390000000000111e+00 -2.868170999999999804e+00
1.377410000000000023e+00 -2.869103999999999655e+00
1.381429999999999936e+00 -2.869663999999999771e+00
1.385450000000000070e+00 -2.869850999999999708e+00
1.385450000000000070e+00 -2.869850999999999708e+00
1.389489999999999892e+00 -2.869664999999999910e+00
1.393540000000000001e+00 -2.869106999999999630e+00
1.397580000000000044e+00 -2.868194999999999606e+00
1.401620000000000088e+00 -2.866893999999999831e+00
1.405659999999999910e+00 -2.865222999999999853e+00
1.409699999999999953e+00 -2.863181999999999672e+00
1.413750000000000062e+00 -2.860798999999999648e+00
1.417790000000000106e+00 -2.858029999999999848e+00
1.421829999999999927e+00 -2.854899999999999771e+00
1.425869999999999971e+00 -2.851411999999999836e+00
1.429910000000000014e+00 -2.847569999999999713e+00
1.433959999999999901e+00 -2.843375999999999681e+00
1.437999999999999945e+00 -2.838836999999999833e+00
1.442039999999999988e+00 -2.833958999999999673e+00
1.446080000000000032e+00 -2.828739999999999810e+00
1.450120000000000076e+00 -2.823188999999999726e+00
1.454169999999999963e+00 -2.817311999999999816e+00
1.458210000000000006e+00 -2.811113999999999891e+00
1.462250000000000050e+00 -2.804601999999999595e+00
1.466290000000000093e+00 -2.797781999999999769e+00
1.470329999999999915e+00 -2.790661999999999754e+00
1.474380000000000024e+00 -2.783247999999999944e+00
1.478420000000000067e+00 -2.775548999999999822e+00
1.482460000000000111e+00 -2.767571999999999921e+00
1.486499999999999932e+00 -2.759324999999999584e+00
1.490539999999999976e+00 -2.750816999999999624e+00
1.494590000000000085e+00 -2.742056999999999967e+00
1.498629999999999907e+00 -2.733053999999999650e+00
1.502669999999999950e+00 -2.723817999999999628e+00
1.506709999999999994e+00 -2.714356999999999687e+00
1.510750000000000037e+00 -2.704685999999999702e+00
1.514799999999999924e+00 -2.694801000000000002e+00
1.518839999999999968e+00 -2.684732999999999592e+00
1.522880000000000011e+00 -2.674499999999999655e+00
1.526920000000000055e+00 -2.664083999999999897e+00
1.530960000000000099e+00 -2.653507999999999978e+00
1.535009999999999986e+00 -2.642786999999999775e+00
1.539050000000000029e+00 -2.631931999999999938e+00
1.543090000000000073e+00 -2.620957999999999899e+00
1.547129999999999894e+00 -2.609882999999999953e+00
1.551169999999999938e+00 -2.598707999999999796e+00
1.555220000000000047e+00 -2.587453999999999699e+00
1.559260000000000090e+00 -2.576134999999999842e+00
1.563299999999999912e+00 -2.564765999999999657e+00
1.567339999999999955e+00 -2.553335999999999828e+00
1.571379999999999999e+00 -2.541912999999999645e+00
1.575430000000000108e+00 -2.530486999999999931e+00
1.579469999999999930e+00 -2.519072999999999674e+00
1.583509999999999973e+00 -2.507689999999999753e+00
1.587550000000000017e+00 -2.496352999999999600e+00
1.591590000000000060e+00 -2.485079999999999956e+00
1.595639999999999947e+00 -2.473888999999999783e+00
1.599679999999999991e+00 -2.462796999999999681e+00
1.603720000000000034e+00 -2.451824999999999921e+00
1.607760000000000078e+00 -2.440990999999999911e+00
1.611799999999999899e+00 -2.430314999999999781e+00
1.615850000000000009e+00 -2.419817999999999802e+00
1.619890000000000052e+00 -2.409518999999999966e+00
1.623930000000000096e+00 -2.399440999999999935e+00
1.627969999999999917e+00 -2.389604999999999979e+00
1.632009999999999961e+00 -2.380066999999999933e+00
1.636060000000000070e+00 -2.370772999999999797e+00
1.640099999999999891e+00 -2.361803999999999792e+00
1.644139999999999935e+00 -2.353153999999999968e+00
1.648179999999999978e+00 -2.344877999999999574e+00
1.652220000000000022e+00 -2.336976999999999638e+00
1.656269999999999909e+00 -2.329482999999999748e+00
1.660309999999999953e+00 -2.322421999999999986e+00
1.664349999999999996e+00 -2.315820999999999685e+00
1.668390000000000040e+00 -2.309704999999999675e+00
1.672430000000000083e+00 -2.304097999999999757e+00
1.676479999999999970e+00 -2.299033999999999800e+00
1.680520000000000014e+00 -2.294537999999999744e+00
1.684560000000000057e+00 -2.290635999999999672e+00
1.688600000000000101e+00 -2.287354999999999805e+00
1.692639999999999922e+00 -2.284723999999999755e+00
1.696690000000000031e+00 -2.282766999999999769e+00
1.700730000000000075e+00 -2.281510999999999623e+00
1.704769999999999897e+00 -2.280947999999999976e+00
1.708809999999999940e+00 -2.281153999999999904e+00
1.712849999999999984e+00 -2.282114999999999672e+00
1.716900000000000093e+00 -2.283828999999999887e+00
1.720939999999999914e+00 -2.286313999999999957e+00
1.724979999999999958e+00 -2.289550999999999892e+00
1.729020000000000001e+00 -2.293523999999999674e+00
1.733060000000000045e+00 -2.298204999999999831e+00
1.737109999999999932e+00 -2.303558999999999912e+00
1.741149999999999975e+00 -2.309542999999999680e+00
1.745190000000000019e+00 -2.316110999999999809e+00
1.749230000000000063e+00 -2.323213999999999668e+00
1.753270000000000106e+00 -2.330803999999999654e+00
1.757319999999999993e+00 -2.338833999999999858e+00
1.761360000000000037e+00 -2.347262999999999877e+00
1.765400000000000080e+00 -2.356050999999999895e+00
1.769439999999999902e+00 -2.365186999999999706e+00
1.773479999999999945e+00 -2.374599999999999600e+00
1.777530000000000054e+00 -2.384290999999999716e+00
1.781570000000000098e+00 -2.394243999999999595e+00
1.785609999999999919e+00 -2.404448999999999614e+00
1.789649999999999963e+00 -2.414900999999999964e+00
1.793690000000000007e+00 -2.425600999999999896e+00
1.797739999999999894e+00 -2.436548999999999854e+00
1.801779999999999937e+00 -2.447769999999999779e+00
1.805819999999999981e+00 -2.459275999999999573e+00
1.809860000000000024e+00 -2.471088999999999647e+00
1.813900000000000068e+00 -2.483236999999999917e+00
1.817949999999999955e+00 -2.495747999999999855e+00
1.821989999999999998e+00 -2.508649999999999824e+00
1.826030000000000042e+00 -2.521960999999999675e+00
1.830070000000000086e+00 -2.535676999999999737e+00
1.834109999999999907e+00 -2.549728999999999690e+00
1.838160000000000016e+00 -2.563839999999999897e+00
1.842200000000000060e+00 -2.576727999999999685e+00
1.846240000000000103e+00 -2.582148999999999806e+00
1.850279999999999925e+00 -2.576303999999999927e+00
1.854319999999999968e+00 -2.566888999999999754e+00
1.858370000000000077e+00 -2.556494999999999962e+00
1.862409999999999899e+00 -2.545623999999999665e+00
0.000000000000000000e+00 -9.572140000000000093e-01
4.040000000000000188e-03 -9.474890000000000256e-01
8.080000000000000376e-03 -9.377159999999999940e-01
1.213000000000000016e-02 -9.278960000000000541e-01
1.617000000000000035e-02 -9.180300000000000127e-01
2.020999999999999880e-02 -9.081190000000000095e-01
2.425000000000000072e-02 -8.981639999999999624e-01
2.828999999999999918e-02 -8.881299999999999750e-01
3.234000000000000069e-02 -8.780910000000000659e-01
3.638000000000000261e-02 -8.680109999999999770e-01
4.041999999999999760e-02 -8.578919999999999879e-01
4.445999999999999952e-02 -8.477360000000000451e-01
4.850000000000000144e-02 -8.375390000000000335e-01
5.254999999999999949e-02 -8.273110000000000186e-01
5.659000000000000141e-02 -8.170490000000000252e-01
6.063000000000000334e-02 -8.067539999999999711e-01
6.467000000000000526e-02 -7.964290000000000536e-01
6.870999999999999330e-02 -7.860749999999999682e-01
7.276000000000000523e-02 -7.756920000000000481e-01
7.679999999999999327e-02 -7.652820000000000178e-01
8.083999999999999519e-02 -7.548470000000000457e-01
8.487999999999999712e-02 -7.443880000000000496e-01
8.891999999999999904e-02 -7.339069999999999760e-01
9.296999999999999709e-02 -7.234049999999999647e-01
9.700999999999999901e-02 -7.128839999999999621e-01
1.010500000000000009e-01 -7.023449999999999971e-01
1.050900000000000029e-01 -6.917910000000000448e-01
1.091300000000000048e-01 -6.812230000000000230e-01
1.131800000000000028e-01 -6.706419999999999604e-01
1.172200000000000047e-01 -6.600510000000000543e-01
1.212600000000000067e-01 -6.494510000000000005e-01
1.252999999999999947e-01 -6.388439999999999674e-01
1.293400000000000105e-01 -6.282020000000000381e-01
1.333900000000000086e-01 -6.175869999999999971e-01
1.374299999999999966e-01 -6.069700000000000095e-01
1.414700000000000124e-01 -5.963549999999999685e-01
1.455100000000000005e-01 -5.857130000000000392e-01
1.495499999999999885e-01 -5.751040000000000596e-01
1.535999999999999865e-01 -5.645029999999999770e-01
1.576400000000000023e-01 -5.539100000000000135e-01
1.616799999999999904e-01 -5.433290000000000619e-01
1.657200000000000062e-01 -5.327619999999999578e-01
1.697599999999999942e-01 -5.221799999999999775e-01
1.738099999999999923e-01 -5.116469999999999629e-01
1.778500000000000081e-01 -5.011680000000000579e-01
1.818899999999999961e-01 -4.906319999999999570e-01
1.859300000000000119e-01 -4.801670000000000105e-01
1.899700000000000000e-01 -4.697290000000000632e-01
1.940199999999999980e-01 -4.593220000000000081e-01
1.980600000000000138e-01 -4.489469999999999850e-01
2.021000000000000019e-01 -4.386079999999999979e-01
2.061399999999999899e-01 -4.283069999999999933e-01
2.101800000000000057e-01 -4.180550000000000099e-01
2.142300000000000038e-01 -4.078380000000000338e-01
2.182699999999999918e-01 -3.976689999999999947e-01
2.223100000000000076e-01 -3.875480000000000036e-01
2.263499999999999956e-01 -3.774800000000000377e-01
2.303900000000000114e-01 -3.674680000000000168e-01
2.344400000000000095e-01 -3.575150000000000272e-01
2.384799999999999975e-01 -3.476239999999999886e-01
2.425200000000000133e-01 -3.378110000000000279e-01
2.465600000000000014e-01 -3.280520000000000103e-01
2.505999999999999894e-01 -3.183640000000000359e-01
2.546499999999999875e-01 -3.087500000000000244e-01
2.586899999999999755e-01 -2.992140000000000355e-01
2.627300000000000191e-01 -2.897589999999999888e-01
2.667700000000000071e-01 -2.803880000000000261e-01
2.708099999999999952e-01 -2.711049999999999849e-01
2.748599999999999932e-01 -2.619120000000000337e-01
2.788999999999999813e-01 -2.528150000000000119e-01
2.829400000000000248e-01 -2.438160000000000327e-01
2.869800000000000129e-01 -2.349189999999999889e-01
2.910200000000000009e-01 -2.261270000000000224e-01
2.950699999999999990e-01 -2.174449999999999994e-01
2.991099999999999870e-01 -2.088760000000000061e-01
3.031499999999999750e-01 -2.004239999999999911e-01
3.071900000000000186e-01 -1.920919999999999850e-01
3.112300000000000066e-01 -1.838850000000000207e-01
3.152800000000000047e-01 -1.758060000000000178e-01
3.193199999999999927e-01 -1.678600000000000092e-01
3.233599999999999808e-01 -1.600489999999999968e-01
3.274000000000000243e-01 -1.523809999999999887e-01
3.314400000000000124e-01 -1.448539999999999828e-01
3.354900000000000104e-01 -1.374719999999999831e-01
3.395299999999999985e-01 -1.302449999999999997e-01
3.435699999999999865e-01 -1.231739999999999918e-01
3.476099999999999746e-01 -1.162619999999999904e-01
3.516500000000000181e-01 -1.095129999999999854e-01
3.557000000000000162e-01 -1.029330000000000106e-01
3.597400000000000042e-01 -9.652499999999998581e-02
3.637799999999999923e-01 -9.029199999999999726e-02
3.678199999999999803e-01 -8.423799999999999344e-02
3.718600000000000239e-01 -7.836600000000000510e-02
3.759100000000000219e-01 -7.267999999999999461e-02
3.799500000000000099e-01 -6.718399999999999372e-02
3.839899999999999980e-01 -6.188100000000000545e-02
3.880299999999999860e-01 -5.677499999999999214e-02
3.920699999999999741e-01 -5.186999999999999944e-02
3.961200000000000276e-01 -4.716900000000000259e-02
4.001600000000000157e-01 -4.267500000000000460e-02
4.042000000000000037e-01 -3.838999999999999357e-02
4.082399999999999918e-01 -3.431900000000000228e-02
4.122799999999999798e-01 -3.046399999999999803e-02
4.163299999999999779e-01 -2.682699999999999668e-02
4.203700000000000214e-01 -2.341199999999999531e-02
4.244100000000000095e-01 -2.022099999999999592e-02
4.284499999999999975e-01 -1.725600000000000050e-02
4.324899999999999856e-01 -1.451999999999999819e-02
4.365399999999999836e-01 -1.201499999999999790e-02
4.405800000000000272e-01 -9.742000000000000659e-03
4.446200000000000152e-01 -7.714999999999999636e-03
4.486600000000000033e-01 -5.913000000000001588e-03
4.526999999999999913e-01 -4.347999999999997700e-03
4.567499999999999893e-01 -3.021999999999996911e-03
4.607899999999999774e-01 -1.934999999999999221e-03
4.648300000000000209e-01 -1.088999999999999690e-03
4.688700000000000090e-01 -4.839999999999983205e-04
4.729099999999999970e-01 -1.209999999999961107e-04
4.769599999999999951e-01 0.000000000000000000e+00
4.769599999999999951e-01 0.000000000000000000e+00
4.809800000000000186e-01 -1.001000000000001888e-03
4.849999999999999867e-01 -3.922999999999995935e-03
4.890200000000000102e-01 -8.536999999999995981e-03
4.930399999999999783e-01 -1.448800000000000088e-02
4.970600000000000018e-01 -2.133600000000000080e-02
5.010799999999999699e-01 -2.862299999999999567e-02
5.050999999999999934e-01 -3.594100000000000072e-02
5.091099999999999515e-01 -4.299100000000000144e-02
5.131299999999999750e-01 -4.961400000000000532e-02
5.171499999999999986e-01 -5.577000000000000013e-02
5.211700000000000221e-01 -6.150300000000000211e-02
5.251900000000000457e-01 -6.689000000000000501e-02
5.292099999999999582e-01 -7.202699999999999381e-02
5.332299999999999818e-01 -7.700500000000000400e-02
5.372500000000000053e-01 -8.187899999999999345e-02
5.412700000000000289e-01 -8.672299999999999454e-02
5.452900000000000524e-01 -9.158099999999999574e-02
5.493099999999999650e-01 -9.650799999999999657e-02
5.533299999999999885e-01 -1.014929999999999860e-01
5.573500000000000121e-01 -1.065769999999999912e-01
5.613700000000000356e-01 -1.117790000000000034e-01
5.653899999999999482e-01 -1.171100000000000058e-01
5.694099999999999717e-01 -1.225810000000000094e-01
5.734299999999999953e-01 -1.281919999999999726e-01
5.774500000000000188e-01 -1.339609999999999967e-01
5.814700000000000424e-01 -1.398840000000000083e-01
5.854899999999999549e-01 -1.459639999999999826e-01
5.895099999999999785e-01 -1.522040000000000060e-01
5.935300000000000020e-01 -1.586040000000000227e-01
5.975500000000000256e-01 -1.651630000000000043e-01
6.015700000000000491e-01 -1.718819999999999792e-01
6.055899999999999617e-01 -1.787590000000000012e-01
6.096099999999999852e-01 -1.857940000000000147e-01
6.136300000000000088e-01 -1.929839999999999889e-01
6.176500000000000323e-01 -2.003280000000000061e-01
6.216699999999999449e-01 -2.078220000000000067e-01
6.256899999999999684e-01 -2.154650000000000176e-01
6.297099999999999920e-01 -2.232540000000000080e-01
6.337300000000000155e-01 -2.311870000000000314e-01
6.377500000000000391e-01 -2.392600000000000282e-01
6.417699999999999516e-01 -2.474709999999999965e-01
6.457899999999999752e-01 -2.558159999999999878e-01
6.498099999999999987e-01 -2.642930000000000001e-01
6.538300000000000223e-01 -2.728980000000000294e-01
6.578500000000000458e-01 -2.816290000000000182e-01
6.618699999999999584e-01 -2.904820000000000180e-01
6.658899999999999819e-01 -2.994539999999999980e-01
6.699100000000000055e-01 -3.085420000000000385e-01
6.739300000000000290e-01 -3.177420000000000244e-01
6.779500000000000526e-01 -3.270510000000000361e-01
6.819699999999999651e-01 -3.365100000000000313e-01
6.859899999999999887e-01 -3.460260000000000002e-01
6.900100000000000122e-01 -3.556420000000000137e-01
6.940300000000000358e-01 -3.653530000000000388e-01
6.980499999999999483e-01 -3.751559999999999895e-01
7.020699999999999719e-01 -3.850830000000000086e-01
7.060899999999999954e-01 -3.950600000000000223e-01
7.101100000000000190e-01 -4.051200000000000356e-01
7.141300000000000425e-01 -4.152580000000000160e-01
7.181499999999999551e-01 -4.254709999999999881e-01
7.221699999999999786e-01 -4.357560000000000322e-01
7.261900000000000022e-01 -4.461100000000000065e-01
7.302100000000000257e-01 -4.565299999999999914e-01
7.342300000000000493e-01 -4.670120000000000382e-01
7.382499999999999618e-01 -4.775519999999999765e-01
7.422699999999999854e-01 -4.881490000000000551e-01
7.462900000000000089e-01 -4.987989999999999924e-01
7.503100000000000325e-01 -5.094990000000000352e-01
7.543299999999999450e-01 -5.202360000000000317e-01
7.583499999999999686e-01 -5.310289999999999733e-01
7.623699999999999921e-01 -5.418580000000000618e-01
7.663900000000000157e-01 -5.527220000000000466e-01
7.704100000000000392e-01 -5.636200000000000099e-01
7.744299999999999518e-01 -5.745360000000000467e-01
7.784499999999999753e-01 -5.854909999999999837e-01
7.824699999999999989e-01 -5.964740000000000597e-01
7.864900000000000224e-01 -6.074779999999999625e-01
7.905100000000000460e-01 -6.185009999999999675e-01
7.945299999999999585e-01 -6.295359999999999845e-01
7.985499999999999821e-01 -6.405840000000000423e-01
8.025700000000000056e-01 -6.516480000000000050e-01
8.065900000000000292e-01 -6.627100000000000213e-01
8.106100000000000527e-01 -6.737809999999999633e-01
8.146299999999999653e-01 -6.848539999999999628e-01
8.186499999999999888e-01 -6.959260000000000446e-01
8.226700000000000124e-01 -7.069959999999999578e-01
8.266900000000000359e-01 -7.180600000000000316e-01
8.307099999999999485e-01 -7.291159999999999863e-01
8.347299999999999720e-01 -7.401619999999999866e-01
8.387499999999999956e-01 -7.511959999999999749e-01
8.427700000000000191e-01 -7.622140000000000581e-01
8.467900000000000427e-01 -7.732179999999999609e-01
8.508099999999999552e-01 -7.841970000000000329e-01
8.548299999999999788e-01 -7.951570000000000027e-01
8.588500000000000023e-01 -8.060939999999999772e-01
8.628700000000000259e-01 -8.170049999999999812e-01
8.668900000000000494e-01 -8.278889999999999860e-01
8.709099999999999620e-01 -8.387430000000000163e-01
8.749299999999999855e-01 -8.495650000000000146e-01
8.789500000000000091e-01 -8.603340000000000432e-01
8.829700000000000326e-01 -8.710870000000000557e-01
8.869899999999999451e-01 -8.818050000000000610e-01
8.910099999999999687e-01 -8.924920000000000631e-01
8.950299999999999923e-01 -9.031310000000000171e-01
8.990500000000000158e-01 -9.137270000000000669e-01
9.030599999999999739e-01 -9.242869999999999697e-01
9.070799999999999974e-01 -9.347950000000000426e-01
9.111000000000000210e-01 -9.452209999999999779e-01
9.151200000000000445e-01 -9.556350000000000122e-01
9.191399999999999570e-01 -9.659929999999999906e-01
9.231599999999999806e-01 -9.763070000000000359e-01
9.271800000000000042e-01 -9.865680000000001115e-01
9.312000000000000277e-01 -9.967760000000001064e-01
9.352200000000000513e-01 -1.006928999999999963e+00
9.392399999999999638e-01 -1.017025999999999986e+00
9.432599999999999874e-01 -1.027061999999999919e+00
9.472800000000000109e-01 -1.037044000000000077e+00
9.513000000000000345e-01 -1.046966000000000063e+00
9.553199999999999470e-01 -1.056826000000000043e+00
9.593399999999999705e-01 -1.066624999999999934e+00
9.633599999999999941e-01 -1.076361000000000123e+00
9.673800000000000177e-01 -1.086033000000000026e+00
9.714000000000000412e-01 -1.095639999999999947e+00
9.754199999999999537e-01 -1.105180000000000051e+00
9.794399999999999773e-01 -1.114653000000000116e+00
9.834600000000000009e-01 -1.124060000000000059e+00
9.874800000000000244e-01 -1.133396000000000070e+00
9.915000000000000480e-01 -1.142662999999999984e+00
9.955199999999999605e-01 -1.151858000000000049e+00
9.995399999999999840e-01 -1.160981000000000041e+00
1.003560000000000008e+00 -1.170031999999999961e+00
1.007579999999999920e+00 -1.179010000000000113e+00
1.011600000000000055e+00 -1.187912999999999997e+00
1.015619999999999967e+00 -1.196741000000000055e+00
1.019640000000000102e+00 -1.205494000000000065e+00
1.023660000000000014e+00 -1.214169999999999972e+00
1.027679999999999927e+00 -1.222768000000000077e+00
1.031700000000000061e+00 -1.231282999999999905e+00
1.035719999999999974e+00 -1.239724000000000048e+00
1.039740000000000109e+00 -1.248086999999999946e+00
1.043760000000000021e+00 -1.256367999999999929e+00
1.047779999999999934e+00 -1.264575999999999922e+00
1.051800000000000068e+00 -1.272696000000000049e+00
1.055819999999999981e+00 -1.280734000000000039e+00
1.059839999999999893e+00 -1.288688999999999973e+00
1.063860000000000028e+00 -1.296559999999999935e+00
1.067879999999999940e+00 -1.304346999999999923e+00
1.071900000000000075e+00 -1.312049999999999939e+00
1.075919999999999987e+00 -1.319663999999999948e+00
1.079939999999999900e+00 -1.327196000000000042e+00
1.083960000000000035e+00 -1.334640000000000049e+00
1.087979999999999947e+00 -1.341998999999999942e+00
1.092000000000000082e+00 -1.349271000000000109e+00
1.096019999999999994e+00 -1.356454000000000049e+00
1.100039999999999907e+00 -1.363549000000000122e+00
1.104060000000000041e+00 -1.370556000000000108e+00
1.108079999999999954e+00 -1.377472999999999947e+00
1.112100000000000088e+00 -1.384300000000000086e+00
1.116120000000000001e+00 -1.391037000000000079e+00
1.120139999999999914e+00 -1.397683999999999926e+00
1.124160000000000048e+00 -1.404239000000000015e+00
1.128179999999999961e+00 -1.410703000000000040e+00
1.132200000000000095e+00 -1.417073999999999945e+00
1.136220000000000008e+00 -1.423353000000000090e+00
1.140239999999999920e+00 -1.429540000000000033e+00
1.144260000000000055e+00 -1.435632999999999937e+00
1.148279999999999967e+00 -1.441632999999999942e+00
1.152300000000000102e+00 -1.447537999999999991e+00
1.156320000000000014e+00 -1.453349999999999920e+00
1.160339999999999927e+00 -1.459065999999999974e+00
1.164360000000000062e+00 -1.464687999999999990e+00
1.168379999999999974e+00 -1.470213999999999910e+00
1.172400000000000109e+00 -1.475645000000000095e+00
1.176420000000000021e+00 -1.480979999999999963e+00
1.180439999999999934e+00 -1.486218000000000039e+00
1.184460000000000068e+00 -1.491359000000000101e+00
1.188479999999999981e+00 -1.496404999999999985e+00
1.192499999999999893e+00 -1.501352000000000020e+00
1.196520000000000028e+00 -1.506201000000000123e+00
1.200539999999999941e+00 -1.510952999999999991e+00
1.204560000000000075e+00 -1.515606000000000009e+00
1.208579999999999988e+00 -1.520161000000000096e+00
1.212599999999999900e+00 -1.524617000000000111e+00
1.216620000000000035e+00 -1.528974000000000055e+00
1.220639999999999947e+00 -1.533231999999999928e+00
1.224660000000000082e+00 -1.537390000000000034e+00
1.228679999999999994e+00 -1.541425000000000045e+00
1.232699999999999907e+00 -1.545382999999999951e+00
1.236720000000000041e+00 -1.549242000000000008e+00
1.240739999999999954e+00 -1.552999999999999936e+00
1.244760000000000089e+00 -1.556653000000000064e+00
1.248780000000000001e+00 -1.560210000000000097e+00
1.252799999999999914e+00 -1.563701999999999925e+00
1.256820000000000048e+00 -1.567056000000000004e+00
1.260839999999999961e+00 -1.570308999999999955e+00
1.264860000000000095e+00 -1.573460000000000081e+00
1.268880000000000008e+00 -1.576510000000000078e+00
1.272899999999999920e+00 -1.579458000000000029e+00
1.276920000000000055e+00 -1.582303999999999933e+00
1.280939999999999968e+00 -1.585047000000000095e+00
1.284960000000000102e+00 -1.587688999999999906e+00
1.288980000000000015e+00 -1.590227999999999975e+00
1.292999999999999927e+00 -1.592664000000000080e+00
1.297009999999999996e+00 -1.594997999999999916e+00
1.301029999999999909e+00 -1.597229000000000010e+00
1.305050000000000043e+00 -1.599356000000000000e+00
1.309069999999999956e+00 -1.601380999999999943e+00
1.313090000000000090e+00 -1.603302999999999923e+00
1.317110000000000003e+00 -1.605121000000000020e+00
1.321129999999999916e+00 -1.606834000000000096e+00
1.325150000000000050e+00 -1.608446000000000042e+00
1.329169999999999963e+00 -1.609971000000000041e+00
1.333190000000000097e+00 -1.611375000000000002e+00
1.337210000000000010e+00 -1.612675000000000081e+00
1.341229999999999922e+00 -1.613871999999999973e+00
1.345250000000000057e+00 -1.614964000000000066e+00
1.349269999999999969e+00 -1.615952999999999973e+00
1.353290000000000104e+00 -1.616837000000000080e+00
1.357310000000000016e+00 -1.617618000000000000e+00
1.361329999999999929e+00 -1.618294000000000121e+00
1.365350000000000064e+00 -1.618867000000000056e+00
1.369369999999999976e+00 -1.619334999999999969e+00
1.373390000000000111e+00 -1.619699999999999918e+00
1.377410000000000023e+00 -1.619960000000000067e+00
1.381429999999999936e+00 -1.620117000000000029e+00
1.385450000000000070e+00 -1.620168999999999970e+00
1.385450000000000070e+00 -1.620168999999999970e+00
1.389489999999999892e+00 -1.620276000000000050e+00
1.393540000000000001e+00 -1.620597999999999983e+00
1.397580000000000044e+00 -1.621143999999999918e+00
1.401620000000000088e+00 -1.621895000000000087e+00
1.405659999999999910e+00 -1.622859999999999969e+00
1.409699999999999953e+00 -1.624039000000000010e+00
1.413750000000000062e+00 -1.625429999999999930e+00
1.417790000000000106e+00 -1.627032999999999952e+00
1.421829999999999927e+00 -1.628846999999999934e+00
1.425869999999999971e+00 -1.630870999999999960e+00
1.429910000000000014e+00 -1.633102999999999971e+00
1.433959999999999901e+00 -1.635542999999999969e+00
1.437999999999999945e+00 -1.638190000000000035e+00
1.442039999999999988e+00 -1.641040999999999972e+00
1.446080000000000032e+00 -1.644093999999999944e+00
1.450120000000000076e+00 -1.647348999999999952e+00
1.454169999999999963e+00 -1.650803000000000020e+00
1.458210000000000006e+00 -1.654455000000000009e+00
1.462250000000000050e+00 -1.658301999999999943e+00
1.466290000000000093e+00 -1.662342999999999904e+00
1.470329999999999915e+00 -1.666574000000000000e+00
1.474380000000000024e+00 -1.670995000000000008e+00
1.478420000000000067e+00 -1.675602000000000036e+00
1.482460000000000111e+00 -1.680393000000000026e+00
1.486499999999999932e+00 -1.685365000000000002e+00
1.490539999999999976e+00 -1.690517000000000047e+00
1.494590000000000085e+00 -1.695845999999999965e+00
1.498629999999999907e+00 -1.701349000000000000e+00
1.502669999999999950e+00 -1.707022000000000039e+00
1.506709999999999994e+00 -1.712863000000000024e+00
1.510750000000000037e+00 -1.718868000000000062e+00
1.514799999999999924e+00 -1.725036000000000014e+00
1.518839999999999968e+00 -1.731362000000000068e+00
1.522880000000000011e+00 -1.737846000000000002e+00
1.526920000000000055e+00 -1.744480000000000031e+00
1.530960000000000099e+00 -1.751262000000000096e+00
1.535009999999999986e+00 -1.758191000000000059e+00
1.539050000000000029e+00 -1.765262000000000109e+00
1.543090000000000073e+00 -1.772472000000000047e+00
1.547129999999999894e+00 -1.779819000000000040e+00
1.551169999999999938e+00 -1.787296999999999914e+00
1.555220000000000047e+00 -1.794902999999999915e+00
1.559260000000000090e+00 -1.802634999999999987e+00
1.563299999999999912e+00 -1.810488000000000097e+00
1.567339999999999955e+00 -1.818459000000000048e+00
1.571379999999999999e+00 -1.826543999999999945e+00
1.575430000000000108e+00 -1.834740000000000038e+00
1.579469999999999930e+00 -1.843042000000000069e+00
1.583509999999999973e+00 -1.851447999999999983e+00
1.587550000000000017e+00 -1.859954000000000107e+00
1.591590000000000060e+00 -1.868554999999999966e+00
1.595639999999999947e+00 -1.877235999999999905e+00
1.599679999999999991e+00 -1.886014999999999997e+00
1.603720000000000034e+00 -1.894878000000000062e+00
1.607760000000000078e+00 -1.903818999999999928e+00
1.611799999999999899e+00 -1.912835000000000063e+00
1.615850000000000009e+00 -1.921920000000000073e+00
1.619890000000000052e+00 -1.931070000000000064e+00
1.623930000000000096e+00 -1.940282000000000062e+00
1.627969999999999917e+00 -1.949548000000000059e+00
1.632009999999999961e+00 -1.958857000000000070e+00
1.636060000000000070e+00 -1.968183999999999934e+00
1.640099999999999891e+00 -1.977592999999999934e+00
1.644139999999999935e+00 -1.987027000000000099e+00
1.648179999999999978e+00 -1.996498999999999802e+00
1.652220000000000022e+00 -2.005981999999999932e+00
1.656269999999999909e+00 -2.015477999999999881e+00
1.660309999999999953e+00 -2.024979999999999780e+00
1.664349999999999996e+00 -2.034479999999999844e+00
1.668390000000000040e+00 -2.043968000000000007e+00
1.672430000000000083e+00 -2.053435999999999595e+00
1.676479999999999970e+00 -2.062873999999999874e+00
1.680520000000000014e+00 -2.072273999999999727e+00
1.684560000000000057e+00 -2.081618999999999886e+00
1.688600000000000101e+00 -2.090900999999999677e+00
1.692639999999999922e+00 -2.100106999999999946e+00
1.696690000000000031e+00 -2.109226999999999741e+00
1.700730000000000075e+00 -2.118247999999999909e+00
1.704769999999999897e+00 -2.127150999999999570e+00
1.708809999999999940e+00 -2.135950999999999933e+00
1.712849999999999984e+00 -2.144633999999999929e+00
1.716900000000000093e+00 -2.153189999999999937e+00
1.720939999999999914e+00 -2.161650999999999989e+00
1.724979999999999958e+00 -2.170019999999999616e+00
1.729020000000000001e+00 -2.178322999999999787e+00
1.733060000000000045e+00 -2.186589999999999812e+00
1.737109999999999932e+00 -2.194858999999999671e+00
1.741149999999999975e+00 -2.203174999999999883e+00
1.745190000000000019e+00 -2.211584999999999912e+00
1.749230000000000063e+00 -2.220133999999999830e+00
1.753270000000000106e+00 -2.228869999999999685e+00
1.757319999999999993e+00 -2.237834999999999575e+00
1.761360000000000037e+00 -2.247065999999999786e+00
1.765400000000000080e+00 -2.256592999999999627e+00
1.769439999999999902e+00 -2.266462999999999894e+00
1.773479999999999945e+00 -2.276649999999999618e+00
1.777530000000000054e+00 -2.287186999999999859e+00
1.781570000000000098e+00 -2.298076000000000008e+00
1.785609999999999919e+00 -2.309315999999999924e+00
1.789649999999999963e+00 -2.320896999999999988e+00
1.793690000000000007e+00 -2.332800999999999902e+00
1.797739999999999894e+00 -2.344998999999999612e+00
1.801779999999999937e+00 -2.357474999999999987e+00
1.805819999999999981e+00 -2.370185999999999904e+00
1.809860000000000024e+00 -2.383088999999999569e+00
1.813900000000000068e+00 -2.396134999999999682e+00
1.817949999999999955e+00 -2.409269999999999801e+00
1.821989999999999998e+00 -2.422436999999999951e+00
1.826030000000000042e+00 -2.435577999999999577e+00
1.830070000000000086e+00 -2.448634999999999895e+00
1.834109999999999907e+00 -2.461555999999999855e+00
1.838160000000000016e+00 -2.474297999999999664e+00
1.842200000000000060e+00 -2.486824999999999619e+00
1.846240000000000103e+00 -2.499117999999999729e+00
1.850279999999999925e+00 -2.511152999999999746e+00
1.854319999999999968e+00 -2.522921999999999887e+00
1.858370000000000077e+00 -2.534425999999999846e+00
1.862409999999999899e+00 -2.545623999999999665e+00
0.000000000000000000e+00 -9.572140000000000093e-01
4.040000000000000188e-03 -9.474890000000000256e-01
8.080000000000000376e-03 -9.377159999999999940e-01
1.213000000000000016e-02 -9.278960000000000541e-01
1.617000000000000035e-02 -9.180300000000000127e-01
2.020999999999999880e-02 -9.081190000000000095e-01
2.425000000000000072e-02 -8.981639999999999624e-01
2.828999999999999918e-02 -8.881299999999999750e-01
3.234000000000000069e-02 -8.780910000000000659e-01
3.638000000000000261e-02 -8.680109999999999770e-01
4.041999999999999760e-02 -8.578919999999999879e-01
4.445999999999999952e-02 -8.477360000000000451e-01
4.850000000000000144e-02 -8.375390000000000335e-01
5.254999999999999949e-02 -8.273110000000000186e-01
5.659000000000000141e-02 -8.170490000000000252e-01
6.063000000000000334e-02 -8.067539999999999711e-01
6.467000000000000526e-02 -7.964290000000000536e-01
6.870999999999999330e-02 -7.860749999999999682e-01
7.276000000000000523e-02 -7.756920000000000481e-01
7.679999999999999327e-02 -7.652820000000000178e-01
8.083999999999999519e-02 -7.548470000000000457e-01
8.487999999999999712e-02 -7.443880000000000496e-01
8.891999999999999904e-02 -7.339069999999999760e-01
9.296999999999999709e-02 -7.234049999999999647e-01
9.700999999999999901e-02 -7.128839999999999621e-01
1.010500000000000009e-01 -7.023449999999999971e-01
1.050900000000000029e-01 -6.917910000000000448e-01
1.091300000000000048e-01 -6.812230000000000230e-01
1.131800000000000028e-01 -6.706419999999999604e-01
1.172200000000000047e-01 -6.600510000000000543e-01
1.212600000000000067e-01 -6.494510000000000005e-01
1.252999999999999947e-01 -6.388439999999999674e-01
1.293400000000000105e-01 -6.282020000000000381e-01
1.333900000000000086e-01 -6.175869999999999971e-01
1.374299999999999966e-01 -6.069700000000000095e-01
1.414700000000000124e-01 -5.963549999999999685e-01
1.455100000000000005e-01 -5.857130000000000392e-01
1.495499999999999885e-01 -5.751040000000000596e-01
1.535999999999999865e-01 -5.645029999999999770e-01
1.576400000000000023e-01 -5.539100000000000135e-01
1.616799999999999904e-01 -5.433290000000000619e-01
1.657200000000000062e-01 -5.327619999999999578e-01
1.697599999999999942e-01 -5.221799999999999775e-01
1.738099999999999923e-01 -5.116469999999999629e-01
1.778500000000000081e-01 -5.011680000000000579e-01
1.818899999999999961e-01 -4.906319999999999570e-01
1.859300000000000119e-01 -4.801670000000000105e-01
1.899700000000000000e-01 -4.697290000000000632e-01
1.940199999999999980e-01 -4.593220000000000081e-01
1.980600000000000138e-01 -4.489469999999999850e-01
2.021000000000000019e-01 -4.386079999999999979e-01
2.061399999999999899e-01 -4.283069999999999933e-01
2.101800000000000057e-01 -4.180550000000000099e-01
2.142300000000000038e-01 -4.078380000000000338e-01
2.182699999999999918e-01 -3.976689999999999947e-01
2.223100000000000076e-01 -3.875480000000000036e-01
2.263499999999999956e-01 -3.774800000000000377e-01
2.303900000000000114e-01 -3.674680000000000168e-01
2.344400000000000095e-01 -3.575150000000000272e-01
2.384799999999999975e-01 -3.476239999999999886e-01
2.425200000000000133e-01 -3.378110000000000279e-01
2.465600000000000014e-01 -3.280520000000000103e-01
2.505999999999999894e-01 -3.183640000000000359e-01
2.546499999999999875e-01 -3.087500000000000244e-01
2.586899999999999755e-01 -2.992140000000000355e-01
2.627300000000000191e-01 -2.897589999999999888e-01
2.667700000000000071e-01 -2.803880000000000261e-01
2.708099999999999952e-01 -2.711049999999999849e-01
2.748599999999999932e-01 -2.619120000000000337e-01
2.788999999999999813e-01 -2.528150000000000119e-01
2.829400000000000248e-01 -2.438160000000000327e-01
2.869800000000000129e-01 -2.349189999999999889e-01
2.910200000000000009e-01 -2.261270000000000224e-01
2.950699999999999990e-01 -2.174449999999999994e-01
2.991099999999999870e-01 -2.088760000000000061e-01
3.031499999999999750e-01 -2.004239999999999911e-01
3.071900000000000186e-01 -1.920919999999999850e-01
3.112300000000000066e-01 -1.838850000000000207e-01
3.152800000000000047e-01 -1.758060000000000178e-01
3.193199999999999927e-01 -1.678600000000000092e-01
3.233599999999999808e-01 -1.600489999999999968e-01
3.274000000000000243e-01 -1.523809999999999887e-01
3.314400000000000124e-01 -1.448539999999999828e-01
3.354900000000000104e-01 -1.374719999999999831e-01
3.395299999999999985e-01 -1.302449999999999997e-01
3.435699999999999865e-01 -1.231739999999999918e-01
3.476099999999999746e-01 -1.162619999999999904e-01
3.516500000000000181e-01 -1.095129999999999854e-01
3.557000000000000162e-01 -1.029330000000000106e-01
3.597400000000000042e-01 -9.652499999999998581e-02
3.637799999999999923e-01 -9.029199999999999726e-02
3.678199999999999803e-01 -8.423799999999999344e-02
3.718600000000000239e-01 -7.836600000000000510e-02
3.759100000000000219e-01 -7.267999999999999461e-02
3.799500000000000099e-01 -6.718399999999999372e-02
3.839899999999999980e-01 -6.188100000000000545e-02
3.880299999999999860e-01 -5.677499999999999214e-02
3.920699999999999741e-01 -5.186999999999999944e-02
3.961200000000000276e-01 -4.716900000000000259e-02
4.001600000000000157e-01 -4.267500000000000460e-02
4.042000000000000037e-01 -3.838999999999999357e-02
4.082399999999999918e-01 -3.431900000000000228e-02
4.122799999999999798e-01 -3.046399999999999803e-02
4.163299999999999779e-01 -2.682699999999999668e-02
4.203700000000000214e-01 -2.341199999999999531e-02
4.244100000000000095e-01 -2.022099999999999592e-02
4.284499999999999975e-01 -1.725600000000000050e-02
4.324899999999999856e-01 -1.451999999999999819e-02
4.365399999999999836e-01 -1.201499999999999790e-02
4.405800000000000272e-01 -9.742000000000000659e-03
4.446200000000000152e-01 -7.714999999999999636e-03
4.486600000000000033e-01 -5.913000000000001588e-03
4.526999999999999913e-01 -4.347999999999997700e-03
4.567499999999999893e-01 -3.021999999999996911e-03
4.607899999999999774e-01 -1.934999999999999221e-03
4.648300000000000209e-01 -1.088999999999999690e-03
4.688700000000000090e-01 -4.839999999999983205e-04
4.729099999999999970e-01 -1.209999999999961107e-04
4.769599999999999951e-01 0.000000000000000000e+00
4.769599999999999951e-01 0.000000000000000000e+00
4.809800000000000186e-01 -1.001000000000001888e-03
4.849999999999999867e-01 -3.922999999999995935e-03
4.890200000000000102e-01 -8.536999999999995981e-03
4.930399999999999783e-01 -1.448800000000000088e-02
4.970600000000000018e-01 -2.133600000000000080e-02
5.010799999999999699e-01 -2.862299999999999567e-02
5.050999999999999934e-01 -3.594100000000000072e-02
5.091099999999999515e-01 -4.299100000000000144e-02
5.131299999999999750e-01 -4.961400000000000532e-02
5.171499999999999986e-01 -5.577000000000000013e-02
5.211700000000000221e-01 -6.150300000000000211e-02
5.251900000000000457e-01 -6.689000000000000501e-02
5.292099999999999582e-01 -7.202699999999999381e-02
5.332299999999999818e-01 -7.700500000000000400e-02
5.372500000000000053e-01 -8.187899999999999345e-02
5.412700000000000289e-01 -8.672299999999999454e-02
5.452900000000000524e-01 -9.158099999999999574e-02
5.493099999999999650e-01 -9.650799999999999657e-02
5.533299999999999885e-01 -1.014929999999999860e-01
5.573500000000000121e-01 -1.065769999999999912e-01
5.613700000000000356e-01 -1.117790000000000034e-01
5.653899999999999482e-01 -1.171100000000000058e-01
5.694099999999999717e-01 -1.225810000000000094e-01
5.734299999999999953e-01 -1.281919999999999726e-01
5.774500000000000188e-01 -1.339609999999999967e-01
5.814700000000000424e-01 -1.398840000000000083e-01
5.854899999999999549e-01 -1.459639999999999826e-01
5.895099999999999785e-01 -1.522040000000000060e-01
5.935300000000000020e-01 -1.586040000000000227e-01
5.975500000000000256e-01 -1.651630000000000043e-01
6.015700000000000491e-01 -1.718819999999999792e-01
6.055899999999999617e-01 -1.787590000000000012e-01
6.096099999999999852e-01 -1.857940000000000147e-01
6.136300000000000088e-01 -1.929839999999999889e-01
6.176500000000000323e-01 -2.003280000000000061e-01
6.216699999999999449e-01 -2.078220000000000067e-01
6.256899999999999684e-01 -2.154650000000000176e-01
6.297099999999999920e-01 -2.232540000000000080e-01
6.337300000000000155e-01 -2.311870000000000314e-01
6.377500000000000391e-01 -2.392600000000000282e-01
6.417699999999999516e-01 -2.474709999999999965e-01
6.457899999999999752e-01 -2.558159999999999878e-01
6.498099999999999987e-01 -2.642930000000000001e-01
6.538300000000000223e-01 -2.728980000000000294e-01
6.578500000000000458e-01 -2.816290000000000182e-01
6.618699999999999584e-01 -2.904820000000000180e-01
6.658899999999999819e-01 -2.994539999999999980e-01
6.699100000000000055e-01 -3.085420000000000385e-01
6.739300000000000290e-01 -3.177420000000000244e-01
6.779500000000000526e-01 -3.270510000000000361e-01
6.819699999999999651e-01 -3.365100000000000313e-01
6.859899999999999887e-01 -3.460260000000000002e-01
6.900100000000000122e-01 -3.556420000000000137e-01
6.940300000000000358e-01 -3.653530000000000388e-01
6.980499999999999483e-01 -3.751559999999999895e-01
7.020699999999999719e-01 -3.850830000000000086e-01
7.060899999999999954e-01 -3.950600000000000223e-01
7.101100000000000190e-01 -4.051200000000000356e-01
7.141300000000000425e-01 -4.152580000000000160e-01
7.181499999999999551e-01 -4.254709999999999881e-01
7.221699999999999786e-01 -4.357560000000000322e-01
7.261900000000000022e-01 -4.461100000000000065e-01
7.302100000000000257e-01 -4.565299999999999914e-01
7.342300000000000493e-01 -4.670120000000000382e-01
7.382499999999999618e-01 -4.775519999999999765e-01
7.422699999999999854e-01 -4.881490000000000551e-01
7.462900000000000089e-01 -4.987989999999999924e-01
7.503100000000000325e-01 -5.094990000000000352e-01
7.543299999999999450e-01 -5.202360000000000317e-01
7.583499999999999686e-01 -5.310289999999999733e-01
7.623699999999999921e-01 -5.418580000000000618e-01
7.663900000000000157e-01 -5.527220000000000466e-01
7.704100000000000392e-01 -5.636200000000000099e-01
7.744299999999999518e-01 -5.745360000000000467e-01
7.784499999999999753e-01 -5.854909999999999837e-01
7.824699999999999989e-01 -5.964740000000000597e-01
7.864900000000000224e-01 -6.074779999999999625e-01
7.905100000000000460e-01 -6.185009999999999675e-01
7.945299999999999585e-01 -6.295359999999999845e-01
7.985499999999999821e-01 -6.405840000000000423e-01
8.025700000000000056e-01 -6.516480000000000050e-01
8.065900000000000292e-01 -6.627100000000000213e-01
8.106100000000000527e-01 -6.737809999999999633e-01
8.146299999999999653e-01 -6.848539999999999628e-01
8.186499999999999888e-01 -6.959260000000000446e-01
8.226700000000000124e-01 -7.069959999999999578e-01
8.266900000000000359e-01 -7.180600000000000316e-01
8.307099999999999485e-01 -7.291159999999999863e-01
8.347299999999999720e-01 -7.401619999999999866e-01
8.387499999999999956e-01 -7.511959999999999749e-01
8.427700000000000191e-01 -7.622140000000000581e-01
8.467900000000000427e-01 -7.732179999999999609e-01
8.508099999999999552e-01 -7.841970000000000329e-01
8.548299999999999788e-01 -7.951570000000000027e-01
8.588500000000000023e-01 -8.060939999999999772e-01
8.628700000000000259e-01 -8.170049999999999812e-01
8.668900000000000494e-01 -8.278889999999999860e-01
8.709099999999999620e-01 -8.387430000000000163e-01
8.749299999999999855e-01 -8.495650000000000146e-01
8.789500000000000091e-01 -8.603340000000000432e-01
8.829700000000000326e-01 -8.710870000000000557e-01
8.869899999999999451e-01 -8.818050000000000610e-01
8.910099999999999687e-01 -8.924920000000000631e-01
8.950299999999999923e-01 -9.031310000000000171e-01
8.990500000000000158e-01 -9.137270000000000669e-01
9.030599999999999739e-01 -9.242869999999999697e-01
9.070799999999999974e-01 -9.347950000000000426e-01
9.111000000000000210e-01 -9.452209999999999779e-01
9.151200000000000445e-01 -9.556350000000000122e-01
9.191399999999999570e-01 -9.659929999999999906e-01
9.231599999999999806e-01 -9.763070000000000359e-01
9.271800000000000042e-01 -9.865680000000001115e-01
9.312000000000000277e-01 -9.967760000000001064e-01
9.352200000000000513e-01 -1.006928999999999963e+00
9.392399999999999638e-01 -1.017025999999999986e+00
9.432599999999999874e-01 -1.027061999999999919e+00
9.472800000000000109e-01 -1.037044000000000077e+00
9.513000000000000345e-01 -1.046966000000000063e+00
9.553199999999999470e-01 -1.056826000000000043e+00
9.593399999999999705e-01 -1.066624999999999934e+00
9.633599999999999941e-01 -1.076361000000000123e+00
9.673800000000000177e-01 -1.086033000000000026e+00
9.714000000000000412e-01 -1.095639999999999947e+00
9.754199999999999537e-01 -1.105180000000000051e+00
9.794399999999999773e-01 -1.114653000000000116e+00
9.834600000000000009e-01 -1.124060000000000059e+00
9.874800000000000244e-01 -1.133396000000000070e+00
9.915000000000000480e-01 -1.142662999999999984e+00
9.955199999999999605e-01 -1.151858000000000049e+00
9.995399999999999840e-01 -1.160981000000000041e+00
1.003560000000000008e+00 -1.170031999999999961e+00
1.007579999999999920e+00 -1.179010000000000113e+00
1.011600000000000055e+00 -1.187912999999999997e+00
1.015619999999999967e+00 -1.196741000000000055e+00
1.019640000000000102e+00 -1.205494000000000065e+00
1.023660000000000014e+00 -1.214169999999999972e+00
1.027679999999999927e+00 -1.222768000000000077e+00
1.031700000000000061e+00 -1.231282999999999905e+00
1.035719999999999974e+00 -1.239724000000000048e+00
1.039740000000000109e+00 -1.248086999999999946e+00
1.043760000000000021e+00 -1.256367999999999929e+00
1.047779999999999934e+00 -1.264575999999999922e+00
1.051800000000000068e+00 -1.272696000000000049e+00
1.055819999999999981e+00 -1.280734000000000039e+00
1.059839999999999893e+00 -1.288688999999999973e+00
1.063860000000000028e+00 -1.296559999999999935e+00
1.067879999999999940e+00 -1.304346999999999923e+00
1.071900000000000075e+00 -1.312049999999999939e+00
1.075919999999999987e+00 -1.319663999999999948e+00
1.079939999999999900e+00 -1.327196000000000042e+00
1.083960000000000035e+00 -1.334640000000000049e+00
1.087979999999999947e+00 -1.341998999999999942e+00
1.092000000000000082e+00 -1.349271000000000109e+00
1.096019999999999994e+00 -1.356454000000000049e+00
1.100039999999999907e+00 -1.363549000000000122e+00
1.104060000000000041e+00 -1.370556000000000108e+00
1.108079999999999954e+00 -1.377472999999999947e+00
1.112100000000000088e+00 -1.384300000000000086e+00
1.116120000000000001e+00 -1.391037000000000079e+00
1.120139999999999914e+00 -1.397683999999999926e+00
1.124160000000000048e+00 -1.404239000000000015e+00
1.128179999999999961e+00 -1.410703000000000040e+00
1.132200000000000095e+00 -1.417073999999999945e+00
1.136220000000000008e+00 -1.423353000000000090e+00
1.140239999999999920e+00 -1.429540000000000033e+00
1.144260000000000055e+00 -1.435632999999999937e+00
1.148279999999999967e+00 -1.441632999999999942e+00
1.152300000000000102e+00 -1.447537999999999991e+00
1.156320000000000014e+00 -1.453349999999999920e+00
1.160339999999999927e+00 -1.459065999999999974e+00
1.164360000000000062e+00 -1.464687999999999990e+00
1.168379999999999974e+00 -1.470213999999999910e+00
1.172400000000000109e+00 -1.475645000000000095e+00
1.176420000000000021e+00 -1.480979999999999963e+00
1.180439999999999934e+00 -1.486218000000000039e+00
1.184460000000000068e+00 -1.491359000000000101e+00
1.188479999999999981e+00 -1.496404999999999985e+00
1.192499999999999893e+00 -1.501352000000000020e+00
1.196520000000000028e+00 -1.506201000000000123e+00
1.200539999999999941e+00 -1.510952999999999991e+00
1.204560000000000075e+00 -1.515606000000000009e+00
1.208579999999999988e+00 -1.520161000000000096e+00
1.212599999999999900e+00 -1.524617000000000111e+00
1.216620000000000035e+00 -1.528974000000000055e+00
1.220639999999999947e+00 -1.533231999999999928e+00
1.224660000000000082e+00 -1.537390000000000034e+00
1.228679999999999994e+00 -1.541425000000000045e+00
1.232699999999999907e+00 -1.545382999999999951e+00
1.236720000000000041e+00 -1.549242000000000008e+00
1.240739999999999954e+00 -1.552999999999999936e+00
1.244760000000000089e+00 -1.556653000000000064e+00
1.248780000000000001e+00 -1.560210000000000097e+00
1.252799999999999914e+00 -1.563701999999999925e+00
1.256820000000000048e+00 -1.567056000000000004e+00
1.260839999999999961e+00 -1.570308999999999955e+00
1.264860000000000095e+00 -1.573460000000000081e+00
1.268880000000000008e+00 -1.576510000000000078e+00
1.272899999999999920e+00 -1.579458000000000029e+00
1.276920000000000055e+00 -1.582303999999999933e+00
1.280939999999999968e+00 -1.585047000000000095e+00
1.284960000000000102e+00 -1.587688999999999906e+00
1.288980000000000015e+00 -1.590227999999999975e+00
1.292999999999999927e+00 -1.592664000000000080e+00
1.297009999999999996e+00 -1.594997999999999916e+00
1.301029999999999909e+00 -1.597229000000000010e+00
1.305050000000000043e+00 -1.599356000000000000e+00
1.309069999999999956e+00 -1.601380999999999943e+00
1.313090000000000090e+00 -1.603302999999999923e+00
1.317110000000000003e+00 -1.605121000000000020e+00
1.321129999999999916e+00 -1.606834000000000096e+00
1.325150000000000050e+00 -1.608446000000000042e+00
1.329169999999999963e+00 -1.609971000000000041e+00
1.333190000000000097e+00 -1.611375000000000002e+00
1.337210000000000010e+00 -1.612675000000000081e+00
1.341229999999999922e+00 -1.613871999999999973e+00
1.345250000000000057e+00 -1.614964000000000066e+00
1.349269999999999969e+00 -1.615952999999999973e+00
1.353290000000000104e+00 -1.616837000000000080e+00
1.357310000000000016e+00 -1.617618000000000000e+00
1.361329999999999929e+00 -1.618294000000000121e+00
1.365350000000000064e+00 -1.618867000000000056e+00
1.369369999999999976e+00 -1.619334999999999969e+00
1.373390000000000111e+00 -1.619699999999999918e+00
1.377410000000000023e+00 -1.619960000000000067e+00
1.381429999999999936e+00 -1.620117000000000029e+00
1.385450000000000070e+00 -1.620168999999999970e+00
1.385450000000000070e+00 -1.620168999999999970e+00
1.389489999999999892e+00 -1.620276000000000050e+00
1.393540000000000001e+00 -1.620597999999999983e+00
1.397580000000000044e+00 -1.621143999999999918e+00
1.401620000000000088e+00 -1.621895000000000087e+00
1.405659999999999910e+00 -1.622859999999999969e+00
1.409699999999999953e+00 -1.624039000000000010e+00
1.413750000000000062e+00 -1.625429999999999930e+00
1.417790000000000106e+00 -1.627032999999999952e+00
1.421829999999999927e+00 -1.628846999999999934e+00
1.425869999999999971e+00 -1.630870999999999960e+00
1.429910000000000014e+00 -1.633102999999999971e+00
1.433959999999999901e+00 -1.635542999999999969e+00
1.437999999999999945e+00 -1.638190000000000035e+00
1.442039999999999988e+00 -1.641040999999999972e+00
1.446080000000000032e+00 -1.644093999999999944e+00
1.450120000000000076e+00 -1.647348999999999952e+00
1.454169999999999963e+00 -1.650803000000000020e+00
1.458210000000000006e+00 -1.654455000000000009e+00
1.462250000000000050e+00 -1.658301999999999943e+00
1.466290000000000093e+00 -1.662342999999999904e+00
1.470329999999999915e+00 -1.666574000000000000e+00
1.474380000000000024e+00 -1.670995000000000008e+00
1.478420000000000067e+00 -1.675602000000000036e+00
1.482460000000000111e+00 -1.680393000000000026e+00
1.486499999999999932e+00 -1.685365000000000002e+00
1.490539999999999976e+00 -1.690517000000000047e+00
1.494590000000000085e+00 -1.695845999999999965e+00
1.498629999999999907e+00 -1.701349000000000000e+00
1.502669999999999950e+00 -1.707022000000000039e+00
1.506709999999999994e+00 -1.712863000000000024e+00
1.510750000000000037e+00 -1.718868000000000062e+00
1.514799999999999924e+00 -1.725036000000000014e+00
1.518839999999999968e+00 -1.731362000000000068e+00
1.522880000000000011e+00 -1.737846000000000002e+00
1.526920000000000055e+00 -1.744480000000000031e+00
1.530960000000000099e+00 -1.751262000000000096e+00
1.535009999999999986e+00 -1.758191000000000059e+00
1.539050000000000029e+00 -1.765262000000000109e+00
1.543090000000000073e+00 -1.772472000000000047e+00
1.547129999999999894e+00 -1.779819000000000040e+00
1.551169999999999938e+00 -1.787296999999999914e+00
1.555220000000000047e+00 -1.794902999999999915e+00
1.559260000000000090e+00 -1.802634999999999987e+00
1.563299999999999912e+00 -1.810488000000000097e+00
1.567339999999999955e+00 -1.818459000000000048e+00
1.571379999999999999e+00 -1.826543999999999945e+00
1.575430000000000108e+00 -1.834740000000000038e+00
1.579469999999999930e+00 -1.843042000000000069e+00
1.583509999999999973e+00 -1.851447999999999983e+00
1.587550000000000017e+00 -1.859954000000000107e+00
1.591590000000000060e+00 -1.868554999999999966e+00
1.595639999999999947e+00 -1.877235999999999905e+00
1.599679999999999991e+00 -1.886014999999999997e+00
1.603720000000000034e+00 -1.894878000000000062e+00
1.607760000000000078e+00 -1.903818999999999928e+00
1.611799999999999899e+00 -1.912835000000000063e+00
1.615850000000000009e+00 -1.921920000000000073e+00
1.619890000000000052e+00 -1.931070000000000064e+00
1.623930000000000096e+00 -1.940282000000000062e+00
1.627969999999999917e+00 -1.949548000000000059e+00
1.632009999999999961e+00 -1.958857000000000070e+00
1.636060000000000070e+00 -1.968183999999999934e+00
1.640099999999999891e+00 -1.977592999999999934e+00
1.644139999999999935e+00 -1.987027000000000099e+00
1.648179999999999978e+00 -1.996498999999999802e+00
1.652220000000000022e+00 -2.005981999999999932e+00
1.656269999999999909e+00 -2.015477999999999881e+00
1.660309999999999953e+00 -2.024979999999999780e+00
1.664349999999999996e+00 -2.034479999999999844e+00
1.668390000000000040e+00 -2.043968000000000007e+00
1.672430000000000083e+00 -2.053435999999999595e+00
1.676479999999999970e+00 -2.062873999999999874e+00
1.680520000000000014e+00 -2.072273999999999727e+00
1.684560000000000057e+00 -2.081618999999999886e+00
1.688600000000000101e+00 -2.090900999999999677e+00
1.692639999999999922e+00 -2.100106999999999946e+00
1.696690000000000031e+00 -2.109226999999999741e+00
1.700730000000000075e+00 -2.118247999999999909e+00
1.704769999999999897e+00 -2.127150999999999570e+00
1.708809999999999940e+00 -2.135950999999999933e+00
1.712849999999999984e+00 -2.144633999999999929e+00
1.716900000000000093e+00 -2.153189999999999937e+00
1.720939999999999914e+00 -2.161650999999999989e+00
1.724979999999999958e+00 -2.170019999999999616e+00
1.729020000000000001e+00 -2.178322999999999787e+00
1.733060000000000045e+00 -2.186589999999999812e+00
1.737109999999999932e+00 -2.194858999999999671e+00
1.741149999999999975e+00 -2.203174999999999883e+00
1.745190000000000019e+00 -2.211584999999999912e+00
1.749230000000000063e+00 -2.220133999999999830e+00
1.753270000000000106e+00 -2.228869999999999685e+00
1.757319999999999993e+00 -2.237834999999999575e+00
1.761360000000000037e+00 -2.247065999999999786e+00
1.765400000000000080e+00 -2.256592999999999627e+00
1.769439999999999902e+00 -2.266462999999999894e+00
1.773479999999999945e+00 -2.276649999999999618e+00
1.777530000000000054e+00 -2.287186999999999859e+00
1.781570000000000098e+00 -2.298076000000000008e+00
1.785609999999999919e+00 -2.309315999999999924e+00
1.789649999999999963e+00 -2.320896999999999988e+00
1.793690000000000007e+00 -2.332800999999999902e+00
1.797739999999999894e+00 -2.344998999999999612e+00
1.801779999999999937e+00 -2.357474999999999987e+00
1.805819999999999981e+00 -2.370185999999999904e+00
1.809860000000000024e+00 -2.383088999999999569e+00
1.813900000000000068e+00 -2.396134999999999682e+00
1.817949999999999955e+00 -2.409269999999999801e+00
1.821989999999999998e+00 -2.422436999999999951e+00
1.826030000000000042e+00 -2.435577999999999577e+00
1.830070000000000086e+00 -2.448634999999999895e+00
1.834109999999999907e+00 -2.461555999999999855e+00
1.838160000000000016e+00 -2.474297999999999664e+00
1.842200000000000060e+00 -2.486824999999999619e+00
1.846240000000000103e+00 -2.499117999999999729e+00
1.850279999999999925e+00 -2.511151999999999607e+00
1.854319999999999968e+00 -2.522921999999999887e+00
1.858370000000000077e+00 -2.534425999999999846e+00
1.862409999999999899e+00 -2.545623999999999665e+00
0.000000000000000000e+00 1.051757000000000053e+00
4.040000000000000188e-03 1.039916000000000063e+00
8.080000000000000376e-03 1.028134000000000103e+00
1.213000000000000016e-02 1.016413000000000011e+00
1.617000000000000035e-02 1.004755000000000065e+00
2.020999999999999880e-02 9.931619999999999893e-01
2.425000000000000072e-02 9.816359999999999530e-01
2.828999999999999918e-02 9.701819999999999888e-01
3.234000000000000069e-02 9.587930000000000064e-01
3.638000000000000261e-02 9.474749999999999561e-01
4.041999999999999760e-02 9.362300000000000066e-01
4.445999999999999952e-02 9.250589999999999646e-01
4.850000000000000144e-02 9.139629999999999699e-01
5.254999999999999949e-02 9.029449999999999976e-01
5.659000000000000141e-02 8.920040000000000191e-01
6.063000000000000334e-02 8.811459999999999848e-01
6.467000000000000526e-02 8.703649999999999443e-01
6.870999999999999330e-02 8.596650000000000125e-01
7.276000000000000523e-02 8.490480000000000249e-01
7.679999999999999327e-02 8.385139999999999816e-01
8.083999999999999519e-02 8.280649999999999400e-01
8.487999999999999712e-02 8.177020000000000399e-01
8.891999999999999904e-02 8.074249999999999483e-01
9.296999999999999709e-02 7.972359999999999447e-01
9.700999999999999901e-02 7.871350000000000291e-01
1.010500000000000009e-01 7.771230000000000082e-01
1.050900000000000029e-01 7.672019999999999396e-01
1.091300000000000048e-01 7.573619999999999797e-01
1.131800000000000028e-01 7.476239999999999553e-01
1.172200000000000047e-01 7.379780000000000229e-01
1.212600000000000067e-01 7.284239999999999604e-01
1.252999999999999947e-01 7.189649999999999652e-01
1.293400000000000105e-01 7.096019999999999550e-01
1.333900000000000086e-01 7.003329999999999833e-01
1.374299999999999966e-01 6.911589999999999678e-01
1.414700000000000124e-01 6.820819999999999661e-01
1.455100000000000005e-01 6.731080000000000396e-01
1.495499999999999885e-01 6.642259999999999831e-01
1.535999999999999865e-01 6.554419999999999691e-01
1.576400000000000023e-01 6.467570000000000263e-01
1.616799999999999904e-01 6.381709999999999328e-01
1.657200000000000062e-01 6.296849999999999392e-01
1.697599999999999942e-01 6.213009999999999922e-01
1.738099999999999923e-01 6.130160000000000053e-01
1.778500000000000081e-01 6.048299999999999788e-01
1.818899999999999961e-01 5.967479999999999452e-01
1.859300000000000119e-01 5.887679999999999580e-01
1.899700000000000000e-01 5.808909999999999352e-01
1.940199999999999980e-01 5.731159999999999588e-01
1.980600000000000138e-01 5.654449999999999754e-01
2.021000000000000019e-01 5.578779999999999850e-01
2.061399999999999899e-01 5.504139999999999588e-01
2.101800000000000057e-01 5.430549999999999544e-01
2.142300000000000038e-01 5.358009999999999717e-01
2.182699999999999918e-01 5.286509999999999820e-01
2.223100000000000076e-01 5.216070000000000428e-01
2.263499999999999956e-01 5.146690000000000431e-01
2.303900000000000114e-01 5.078369999999999829e-01
2.344400000000000095e-01 5.011109999999999731e-01
2.384799999999999975e-01 4.944919999999999871e-01
2.425200000000000133e-01 4.879779999999999673e-01
2.465600000000000014e-01 4.815729999999999733e-01
2.505999999999999894e-01 4.752750000000000030e-01
2.546499999999999875e-01 4.690849999999999742e-01
2.586899999999999755e-01 4.630029999999999979e-01
2.627300000000000191e-01 4.570289999999999631e-01
2.667700000000000071e-01 4.511629999999999807e-01
2.708099999999999952e-01 4.454049999999999954e-01
2.748599999999999932e-01 4.397570000000000090e-01
2.788999999999999813e-01 4.342169999999999641e-01
2.829400000000000248e-01 4.287869999999999737e-01
2.869800000000000129e-01 4.234660000000000091e-01
2.910200000000000009e-01 4.182699999999999751e-01
2.950699999999999990e-01 4.131679999999999797e-01
2.991099999999999870e-01 4.081770000000000120e-01
3.031499999999999750e-01 4.032950000000000146e-01
3.071900000000000186e-01 3.985229999999999606e-01
3.112300000000000066e-01 3.938619999999999899e-01
3.152800000000000047e-01 3.893109999999999626e-01
3.193199999999999927e-01 3.848709999999999631e-01
3.233599999999999808e-01 3.805419999999999914e-01
3.274000000000000243e-01 3.763150000000000106e-01
3.314400000000000124e-01 3.722079999999999833e-01
3.354900000000000104e-01 3.682840000000000003e-01
3.395299999999999985e-01 3.643989999999999729e-01
3.435699999999999865e-01 3.606479999999999686e-01
3.476099999999999746e-01 3.569859999999999700e-01
3.516500000000000181e-01 3.534359999999999724e-01
3.557000000000000162e-01 3.499979999999999758e-01
3.597400000000000042e-01 3.466710000000000069e-01
3.637799999999999923e-01 3.434570000000000123e-01
3.678199999999999803e-01 3.403539999999999899e-01
3.718600000000000239e-01 3.373639999999999972e-01
3.759100000000000219e-01 3.344860000000000055e-01
3.799500000000000099e-01 3.317200000000000149e-01
3.839899999999999980e-01 3.290739999999999776e-01
3.880299999999999860e-01 3.265319999999999889e-01
3.920699999999999741e-01 3.241040000000000032e-01
3.961200000000000276e-01 3.217879999999999630e-01
4.001600000000000157e-01 3.195839999999999792e-01
4.042000000000000037e-01 3.174929999999999697e-01
4.082399999999999918e-01 3.155149999999999899e-01
4.122799999999999798e-01 3.136499999999999844e-01
4.163299999999999779e-01 3.118969999999999798e-01
4.203700000000000214e-01 3.102570000000000050e-01
4.244100000000000095e-01 3.087300000000000044e-01
4.284499999999999975e-01 3.073170000000000068e-01
4.324899999999999856e-01 3.060160000000000102e-01
4.365399999999999836e-01 3.048279999999999879e-01
4.405800000000000272e-01 3.037529999999999952e-01
4.446200000000000152e-01 3.027909999999999768e-01
4.486600000000000033e-01 3.019419999999999882e-01
4.526999999999999913e-01 3.012070000000000025e-01
4.567499999999999893e-01 3.005839999999999623e-01
4.607899999999999774e-01 3.000749999999999806e-01
4.648300000000000209e-01 2.996789999999999732e-01
4.688700000000000090e-01 2.993959999999999955e-01
4.729099999999999970e-01 2.992259999999999920e-01
4.769599999999999951e-01 2.991689999999999627e-01
4.769599999999999951e-01 2.991689999999999627e-01
4.809800000000000186e-01 2.998719999999999719e-01
4.849999999999999867e-01 3.019769999999999954e-01
4.890200000000000102e-01 3.054729999999999945e-01
4.930399999999999783e-01 3.103409999999999780e-01
4.970600000000000018e-01 3.165549999999999753e-01
5.010799999999999699e-01 3.240850000000000120e-01
5.050999999999999934e-01 3.328919999999999657e-01
5.091099999999999515e-01 3.429339999999999611e-01
5.131299999999999750e-01 3.541639999999999788e-01
5.171499999999999986e-01 3.665319999999999689e-01
5.211700000000000221e-01 3.799830000000000152e-01
5.251900000000000457e-01 3.944690000000000141e-01
5.292099999999999582e-01 4.099240000000000106e-01
5.332299999999999818e-01 4.262839999999999963e-01
5.372500000000000053e-01 4.434980000000000033e-01
5.412700000000000289e-01 4.615039999999999698e-01
5.452900000000000524e-01 4.802440000000000042e-01
5.493099999999999650e-01 4.996589999999999643e-01
5.533299999999999885e-01 5.196890000000000676e-01
5.573500000000000121e-01 5.402759999999999785e-01
5.613700000000000356e-01 5.613650000000000029e-01
5.653899999999999482e-01 5.828999999999999737e-01
5.694099999999999717e-01 6.048249999999999460e-01
5.734299999999999953e-01 6.270909999999999540e-01
5.774500000000000188e-01 6.496370000000000200e-01
5.814700000000000424e-01 6.724170000000000424e-01
5.854899999999999549e-01 6.953770000000000229e-01
5.895099999999999785e-01 7.184690000000000243e-01
5.935300000000000020e-01 7.416460000000000274e-01
5.975500000000000256e-01 7.648509999999999476e-01
6.015700000000000491e-01 7.880409999999999915e-01
6.055899999999999617e-01 8.111669999999999714e-01
6.096099999999999852e-01 8.341819999999999791e-01
6.136300000000000088e-01 8.570400000000000240e-01
6.176500000000000323e-01 8.796939999999999760e-01
6.216699999999999449e-01 9.020989999999999842e-01
6.256899999999999684e-01 9.242110000000000047e-01
6.297099999999999920e-01 9.459859999999999935e-01
6.337300000000000155e-01 9.673770000000000424e-01
6.377500000000000391e-01 9.883509999999999796e-01
6.417699999999999516e-01 1.008863000000000065e+00
6.457899999999999752e-01 1.028876000000000124e+00
6.498099999999999987e-01 1.048351000000000033e+00
6.538300000000000223e-01 1.067255999999999982e+00
6.578500000000000458e-01 1.085556999999999883e+00
6.618699999999999584e-01 1.103226000000000040e+00
6.658899999999999819e-01 1.120236000000000010e+00
6.699100000000000055e-01 1.136579000000000006e+00
6.739300000000000290e-01 1.152201999999999948e+00
6.779500000000000526e-01 1.167113000000000067e+00
6.819699999999999651e-01 1.181294999999999984e+00
6.859899999999999887e-01 1.194739999999999913e+00
6.900100000000000122e-01 1.207443000000000044e+00
6.940300000000000358e-01 1.219386000000000081e+00
6.980499999999999483e-01 1.230607999999999924e+00
7.020699999999999719e-01 1.241103000000000067e+00
7.060899999999999954e-01 1.250866999999999951e+00
7.101100000000000190e-01 1.259919000000000011e+00
7.141300000000000425e-01 1.268275000000000041e+00
7.181499999999999551e-01 1.275951000000000057e+00
7.221699999999999786e-01 1.282964999999999911e+00
7.261900000000000022e-01 1.289339999999999931e+00
7.302100000000000257e-01 1.295094999999999885e+00
7.342300000000000493e-01 1.300254999999999939e+00
7.382499999999999618e-01 1.304843999999999893e+00
7.422699999999999854e-01 1.308883000000000019e+00
7.462900000000000089e-01 1.312402999999999986e+00
7.503100000000000325e-01 1.315417999999999976e+00
7.543299999999999450e-01 1.317957000000000045e+00
7.583499999999999686e-01 1.320041999999999938e+00
7.623699999999999921e-01 1.321696999999999900e+00
7.663900000000000157e-01 1.322943999999999898e+00
7.704100000000000392e-01 1.323803000000000063e+00
7.744299999999999518e-01 1.324306999999999901e+00
7.784499999999999753e-01 1.324454000000000020e+00
7.824699999999999989e-01 1.324300999999999950e+00
7.864900000000000224e-01 1.323811000000000071e+00
7.905100000000000460e-01 1.323031000000000068e+00
7.945299999999999585e-01 1.321978000000000097e+00
7.985499999999999821e-01 1.320664000000000060e+00
8.025700000000000056e-01 1.319104000000000054e+00
8.065900000000000292e-01 1.317328999999999972e+00
8.106100000000000527e-01 1.315325000000000077e+00
8.146299999999999653e-01 1.313117000000000090e+00
8.186499999999999888e-01 1.310716999999999910e+00
8.226700000000000124e-01 1.308135999999999965e+00
8.266900000000000359e-01 1.305385999999999935e+00
8.307099999999999485e-01 1.302475999999999967e+00
8.347299999999999720e-01 1.299414999999999987e+00
8.387499999999999956e-01 1.296211999999999920e+00
8.427700000000000191e-01 1.292877000000000054e+00
8.467900000000000427e-01 1.289414999999999978e+00
8.508099999999999552e-01 1.285841000000000012e+00
8.548299999999999788e-01 1.282151999999999958e+00
8.588500000000000023e-01 1.278359000000000023e+00
8.628700000000000259e-01 1.274467999999999934e+00
8.668900000000000494e-01 1.270483999999999947e+00
8.709099999999999620e-01 1.266416999999999904e+00
8.749299999999999855e-01 1.262265999999999888e+00
8.789500000000000091e-01 1.258041999999999883e+00
8.829700000000000326e-01 1.253743999999999970e+00
8.869899999999999451e-01 1.249376999999999960e+00
8.910099999999999687e-01 1.244937999999999878e+00
8.950299999999999923e-01 1.240450000000000053e+00
8.990500000000000158e-01 1.235907000000000089e+00
9.030599999999999739e-01 1.231311000000000044e+00
9.070799999999999974e-01 1.226666999999999952e+00
9.111000000000000210e-01 1.221978000000000009e+00
9.151200000000000445e-01 1.217246000000000050e+00
9.191399999999999570e-01 1.212475999999999887e+00
9.231599999999999806e-01 1.207670000000000021e+00
9.271800000000000042e-01 1.202834999999999877e+00
9.312000000000000277e-01 1.197961999999999971e+00
9.352200000000000513e-01 1.193060999999999927e+00
9.392399999999999638e-01 1.188131999999999966e+00
9.432599999999999874e-01 1.183170999999999973e+00
9.472800000000000109e-01 1.178196000000000021e+00
9.513000000000000345e-01 1.173200999999999938e+00
9.553199999999999470e-01 1.168188000000000004e+00
9.593399999999999705e-01 1.163157999999999914e+00
9.633599999999999941e-01 1.158110999999999891e+00
9.673800000000000177e-01 1.153059999999999974e+00
9.714000000000000412e-01 1.147993000000000041e+00
9.754199999999999537e-01 1.142916999999999961e+00
9.794399999999999773e-01 1.137833000000000094e+00
9.834600000000000009e-01 1.132741999999999916e+00
9.874800000000000244e-01 1.127647999999999984e+00
9.915000000000000480e-01 1.122551999999999994e+00
9.955199999999999605e-01 1.117453999999999947e+00
9.995399999999999840e-01 1.112357000000000040e+00
1.003560000000000008e+00 1.107261999999999968e+00
1.007579999999999920e+00 1.102170000000000094e+00
1.011600000000000055e+00 1.097081999999999891e+00
1.015619999999999967e+00 1.092000999999999999e+00
1.019640000000000102e+00 1.086918000000000051e+00
1.023660000000000014e+00 1.081852999999999954e+00
1.027679999999999927e+00 1.076799000000000062e+00
1.031700000000000061e+00 1.071760999999999964e+00
1.035719999999999974e+00 1.066731000000000096e+00
1.039740000000000109e+00 1.061715999999999882e+00
1.043760000000000021e+00 1.056715999999999989e+00
1.047779999999999934e+00 1.051731999999999889e+00
1.051800000000000068e+00 1.046767000000000003e+00
1.055819999999999981e+00 1.041822000000000026e+00
1.059839999999999893e+00 1.036896999999999958e+00
1.063860000000000028e+00 1.031994000000000078e+00
1.067879999999999940e+00 1.027114000000000082e+00
1.071900000000000075e+00 1.022259000000000029e+00
1.075919999999999987e+00 1.017433999999999950e+00
1.079939999999999900e+00 1.012631000000000059e+00
1.083960000000000035e+00 1.007857000000000003e+00
1.087979999999999947e+00 1.003112000000000004e+00
1.092000000000000082e+00 9.983969999999999789e-01
1.096019999999999994e+00 9.937139999999999862e-01
1.100039999999999907e+00 9.890639999999999432e-01
1.104060000000000041e+00 9.844349999999999490e-01
1.108079999999999954e+00 9.798550000000000315e-01
1.112100000000000088e+00 9.753100000000000103e-01
1.116120000000000001e+00 9.708040000000000003e-01
1.120139999999999914e+00 9.663359999999999728e-01
1.124160000000000048e+00 9.619090000000000140e-01
1.128179999999999961e+00 9.575219999999999843e-01
1.132200000000000095e+00 9.531769999999999410e-01
1.136220000000000008e+00 9.488759999999999417e-01
1.140239999999999920e+00 9.446189999999999864e-01
1.144260000000000055e+00 9.404069999999999929e-01
1.148279999999999967e+00 9.362420000000000186e-01
1.152300000000000102e+00 9.321329999999999893e-01
1.156320000000000014e+00 9.280640000000000001e-01
1.160339999999999927e+00 9.240450000000000053e-01
1.164360000000000062e+00 9.200770000000000337e-01
1.168379999999999974e+00 9.161610000000000031e-01
1.172400000000000109e+00 9.122979999999999423e-01
1.176420000000000021e+00 9.084879999999999622e-01
1.180439999999999934e+00 9.047330000000000094e-01
1.184460000000000068e+00 9.010340000000000016e-01
1.188479999999999981e+00 8.973729999999999762e-01
1.192499999999999893e+00 8.937880000000000269e-01
1.196520000000000028e+00 8.902619999999999978e-01
1.200539999999999941e+00 8.867949999999999999e-01
1.204560000000000075e+00 8.833889999999999798e-01
1.208579999999999988e+00 8.800439999999999374e-01
1.212599999999999900e+00 8.767620000000000413e-01
1.216620000000000035e+00 8.735420000000000407e-01
1.220639999999999947e+00 8.703859999999999930e-01
1.224660000000000082e+00 8.672950000000000381e-01
1.228679999999999994e+00 8.642699999999999827e-01
1.232699999999999907e+00 8.613100000000000200e-01
1.236720000000000041e+00 8.584169999999999856e-01
1.240739999999999954e+00 8.556049999999999489e-01
1.244760000000000089e+00 8.528499999999999970e-01
1.248780000000000001e+00 8.501640000000000308e-01
1.252799999999999914e+00 8.475469999999999393e-01
1.256820000000000048e+00 8.450010000000000021e-01
1.260839999999999961e+00 8.425270000000000259e-01
1.264860000000000095e+00 8.401239999999999819e-01
1.268880000000000008e+00 8.377940000000000387e-01
1.272899999999999920e+00 8.355380000000000029e-01
1.276920000000000055e+00 8.333549999999999569e-01
1.280939999999999968e+00 8.312469999999999581e-01
1.284960000000000102e+00 8.292129999999999779e-01
1.288980000000000015e+00 8.272549999999999626e-01
1.292999999999999927e+00 8.253730000000000233e-01
1.297009999999999996e+00 8.235559999999999548e-01
1.301029999999999909e+00 8.218269999999999742e-01
1.305050000000000043e+00 8.201760000000000161e-01
1.309069999999999956e+00 8.185949999999999616e-01
1.313090000000000090e+00 8.170999999999999375e-01
1.317110000000000003e+00 8.156879999999999686e-01
1.321129999999999916e+00 8.143540000000000223e-01
1.325150000000000050e+00 8.130960000000000409e-01
1.329169999999999963e+00 8.119180000000000286e-01
1.333190000000000097e+00 8.108189999999999564e-01
1.337210000000000010e+00 8.098009999999999931e-01
1.341229999999999922e+00 8.088629999999999987e-01
1.345250000000000057e+00 8.080060000000000020e-01
1.349269999999999969e+00 8.072300000000000031e-01
1.353290000000000104e+00 8.065350000000000019e-01
1.357310000000000016e+00 8.059209999999999985e-01
1.361329999999999929e+00 8.053890000000000216e-01
1.365350000000000064e+00 8.049389999999999601e-01
1.369369999999999976e+00 8.045700000000000074e-01
1.373390000000000111e+00 8.042829999999999702e-01
1.377410000000000023e+00 8.040779999999999594e-01
1.381429999999999936e+00 8.039549999999999752e-01
1.385450000000000070e+00 8.039140000000000175e-01
1.385450000000000070e+00 8.039140000000000175e-01
1.389489999999999892e+00 8.039619999999999544e-01
1.393540000000000001e+00 8.041030000000000122e-01
1.397580000000000044e+00 8.043359999999999399e-01
1.401620000000000088e+00 8.046670000000000211e-01
1.405659999999999910e+00 8.050910000000000011e-01
1.409699999999999953e+00 8.056099999999999373e-01
1.413750000000000062e+00 8.062199999999999367e-01
1.417790000000000106e+00 8.069260000000000321e-01
1.421829999999999927e+00 8.077250000000000263e-01
1.425869999999999971e+00 8.086179999999999479e-01
1.429910000000000014e+00 8.096039999999999903e-01
1.433959999999999901e+00 8.106820000000000137e-01
1.437999999999999945e+00 8.118520000000000181e-01
1.442039999999999988e+00 8.131150000000000322e-01
1.446080000000000032e+00 8.144689999999999985e-01
1.450120000000000076e+00 8.159129999999999994e-01
1.454169999999999963e+00 8.174489999999999812e-01
1.458210000000000006e+00 8.190739999999999688e-01
1.462250000000000050e+00 8.207889999999999908e-01
1.466290000000000093e+00 8.225930000000000186e-01
1.470329999999999915e+00 8.244850000000000234e-01
1.474380000000000024e+00 8.264650000000000052e-01
1.478420000000000067e+00 8.285310000000000175e-01
1.482460000000000111e+00 8.306829999999999492e-01
1.486499999999999932e+00 8.329119999999999857e-01
1.490539999999999976e+00 8.352330000000000032e-01
1.494590000000000085e+00 8.376379999999999937e-01
1.498629999999999907e+00 8.401260000000000394e-01
1.502669999999999950e+00 8.426939999999999431e-01
1.506709999999999994e+00 8.453530000000000211e-01
1.510750000000000037e+00 8.480759999999999410e-01
1.514799999999999924e+00 8.508829999999999449e-01
1.518839999999999968e+00 8.537629999999999386e-01
1.522880000000000011e+00 8.567139999999999755e-01
1.526920000000000055e+00 8.597279999999999367e-01
1.530960000000000099e+00 8.628280000000000394e-01
1.535009999999999986e+00 8.659970000000000168e-01
1.539050000000000029e+00 8.692339999999999511e-01
1.543090000000000073e+00 8.725359999999999783e-01
1.547129999999999894e+00 8.758979999999999544e-01
1.551169999999999938e+00 8.793239999999999945e-01
1.555220000000000047e+00 8.828070000000000084e-01
1.559260000000000090e+00 8.863449999999999385e-01
1.563299999999999912e+00 8.899340000000000028e-01
1.567339999999999955e+00 8.935710000000000042e-01
1.571379999999999999e+00 8.972499999999999920e-01
1.575430000000000108e+00 9.009669999999999623e-01
1.579469999999999930e+00 9.047159999999999647e-01
1.583509999999999973e+00 9.084869999999999335e-01
1.587550000000000017e+00 9.122730000000000006e-01
1.591590000000000060e+00 9.160589999999999566e-01
1.595639999999999947e+00 9.198319999999999830e-01
1.599679999999999991e+00 9.235569999999999613e-01
1.603720000000000034e+00 9.271949999999999914e-01
1.607760000000000078e+00 9.306759999999999478e-01
1.611799999999999899e+00 9.338640000000000274e-01
1.615850000000000009e+00 9.364770000000000039e-01
1.619890000000000052e+00 9.378489999999999327e-01
1.623930000000000096e+00 9.363669999999999494e-01
1.627969999999999917e+00 9.294580000000000064e-01
1.632009999999999961e+00 9.169570000000000221e-01
1.636060000000000070e+00 9.015670000000000073e-01
1.640099999999999891e+00 8.851519999999999389e-01
1.644139999999999935e+00 8.685209999999999875e-01
1.648179999999999978e+00 8.520060000000000411e-01
1.652220000000000022e+00 8.357759999999999634e-01
1.656269999999999909e+00 8.199250000000000149e-01
1.660309999999999953e+00 8.045179999999999554e-01
1.664349999999999996e+00 7.895989999999999398e-01
1.668390000000000040e+00 7.752040000000000042e-01
1.672430000000000083e+00 7.613670000000000160e-01
1.676479999999999970e+00 7.481069999999999665e-01
1.680520000000000014e+00 7.354499999999999371e-01
1.684560000000000057e+00 7.234190000000000342e-01
1.688600000000000101e+00 7.120330000000000270e-01
1.692639999999999922e+00 7.013110000000000177e-01
1.696690000000000031e+00 6.912690000000000223e-01
1.700730000000000075e+00 6.819220000000000281e-01
1.704769999999999897e+00 6.732939999999999481e-01
1.708809999999999940e+00 6.653780000000000250e-01
1.712849999999999984e+00 6.581949999999999745e-01
1.716900000000000093e+00 6.517560000000000020e-01
1.720939999999999914e+00 6.460650000000000004e-01
1.724979999999999958e+00 6.411289999999999489e-01
1.729020000000000001e+00 6.369529999999999914e-01
1.733060000000000045e+00 6.335389999999999633e-01
1.737109999999999932e+00 6.308880000000000043e-01
1.741149999999999975e+00 6.289989999999999748e-01
1.745190000000000019e+00 6.278679999999999817e-01
1.749230000000000063e+00 6.274899999999999922e-01
1.753270000000000106e+00 6.278589999999999449e-01
1.757319999999999993e+00 6.289690000000000003e-01
1.761360000000000037e+00 6.308019999999999738e-01
1.765400000000000080e+00 6.333489999999999398e-01
1.769439999999999902e+00 6.365919999999999357e-01
1.773479999999999945e+00 6.405220000000000358e-01
1.777530000000000054e+00 6.451169999999999405e-01
1.781570000000000098e+00 6.503569999999999629e-01
1.785609999999999919e+00 6.562189999999999968e-01
1.789649999999999963e+00 6.626809999999999645e-01
1.793690000000000007e+00 6.697180000000000355e-01
1.797739999999999894e+00 6.773019999999999596e-01
1.801779999999999937e+00 6.854149999999999965e-01
1.805819999999999981e+00 6.940100000000000158e-01
1.809860000000000024e+00 7.030649999999999400e-01
1.813900000000000068e+00 7.125470000000000415e-01
1.817949999999999955e+00 7.224230000000000373e-01
1.821989999999999998e+00 7.326589999999999492e-01
1.826030000000000042e+00 7.432189999999999630e-01
1.830070000000000086e+00 7.540649999999999853e-01
1.834109999999999907e+00 7.651609999999999800e-01
1.838160000000000016e+00 7.764670000000000183e-01
1.842200000000000060e+00 7.879450000000000065e-01
1.846240000000000103e+00 7.995489999999999542e-01
1.850279999999999925e+00 8.112479999999999691e-01
1.854319999999999968e+00 8.229969999999999786e-01
1.858370000000000077e+00 8.347529999999999673e-01
1.862409999999999899e+00 8.464779999999999527e-01
0.000000000000000000e+00 1.051757000000000053e+00
4.040000000000000188e-03 1.039916000000000063e+00
8.080000000000000376e-03 1.028134000000000103e+00
1.213000000000000016e-02 1.016413000000000011e+00
1.617000000000000035e-02 1.004755000000000065e+00
2.020999999999999880e-02 9.931619999999999893e-01
2.425000000000000072e-02 9.816359999999999530e-01
2.828999999999999918e-02 9.701819999999999888e-01
3.234000000000000069e-02 9.587930000000000064e-01
3.638000000000000261e-02 9.474749999999999561e-01
4.041999999999999760e-02 9.362300000000000066e-01
4.445999999999999952e-02 9.250589999999999646e-01
4.850000000000000144e-02 9.139629999999999699e-01
5.254999999999999949e-02 9.029449999999999976e-01
5.659000000000000141e-02 8.920040000000000191e-01
6.063000000000000334e-02 8.811459999999999848e-01
6.467000000000000526e-02 8.703649999999999443e-01
6.870999999999999330e-02 8.596650000000000125e-01
7.276000000000000523e-02 8.490480000000000249e-01
7.679999999999999327e-02 8.385139999999999816e-01
8.083999999999999519e-02 8.280649999999999400e-01
8.487999999999999712e-02 8.177020000000000399e-01
8.891999999999999904e-02 8.074249999999999483e-01
9.296999999999999709e-02 7.972359999999999447e-01
9.700999999999999901e-02 7.871350000000000291e-01
1.010500000000000009e-01 7.771230000000000082e-01
1.050900000000000029e-01 7.672019999999999396e-01
1.091300000000000048e-01 7.573619999999999797e-01
1.131800000000000028e-01 7.476239999999999553e-01
1.172200000000000047e-01 7.379780000000000229e-01
1.212600000000000067e-01 7.284239999999999604e-01
1.252999999999999947e-01 7.189649999999999652e-01
1.293400000000000105e-01 7.096019999999999550e-01
1.333900000000000086e-01 7.003329999999999833e-01
1.374299999999999966e-01 6.911589999999999678e-01
1.414700000000000124e-01 6.820819999999999661e-01
1.455100000000000005e-01 6.731080000000000396e-01
1.495499999999999885e-01 6.642259999999999831e-01
1.535999999999999865e-01 6.554419999999999691e-01
1.576400000000000023e-01 6.467570000000000263e-01
1.616799999999999904e-01 6.381709999999999328e-01
1.657200000000000062e-01 6.296849999999999392e-01
1.697599999999999942e-01 6.213009999999999922e-01
1.738099999999999923e-01 6.130160000000000053e-01
1.778500000000000081e-01 6.048299999999999788e-01
1.818899999999999961e-01 5.967479999999999452e-01
1.859300000000000119e-01 5.887679999999999580e-01
1.899700000000000000e-01 5.808909999999999352e-01
1.940199999999999980e-01 5.731159999999999588e-01
1.980600000000000138e-01 5.654449999999999754e-01
2.021000000000000019e-01 5.578779999999999850e-01
2.061399999999999899e-01 5.504139999999999588e-01
2.101800000000000057e-01 5.430549999999999544e-01
2.142300000000000038e-01 5.358009999999999717e-01
2.182699999999999918e-01 5.286509999999999820e-01
2.223100000000000076e-01 5.216070000000000428e-01
2.263499999999999956e-01 5.146690000000000431e-01
2.303900000000000114e-01 5.078369999999999829e-01
2.344400000000000095e-01 5.011109999999999731e-01
2.384799999999999975e-01 4.944919999999999871e-01
2.425200000000000133e-01 4.879779999999999673e-01
2.465600000000000014e-01 4.815729999999999733e-01
2.505999999999999894e-01 4.752750000000000030e-01
2.546499999999999875e-01 4.690849999999999742e-01
2.586899999999999755e-01 4.630029999999999979e-01
2.627300000000000191e-01 4.570289999999999631e-01
2.667700000000000071e-01 4.511629999999999807e-01
2.708099999999999952e-01 4.454049999999999954e-01
2.748599999999999932e-01 4.397570000000000090e-01
2.788999999999999813e-01 4.342169999999999641e-01
2.829400000000000248e-01 4.287869999999999737e-01
2.869800000000000129e-01 4.234660000000000091e-01
2.910200000000000009e-01 4.182699999999999751e-01
2.950699999999999990e-01 4.131679999999999797e-01
2.991099999999999870e-01 4.081770000000000120e-01
3.031499999999999750e-01 4.032950000000000146e-01
3.071900000000000186e-01 3.985229999999999606e-01
3.112300000000000066e-01 3.938619999999999899e-01
3.152800000000000047e-01 3.893109999999999626e-01
3.193199999999999927e-01 3.848709999999999631e-01
3.233599999999999808e-01 3.805419999999999914e-01
3.274000000000000243e-01 3.763150000000000106e-01
3.314400000000000124e-01 3.722079999999999833e-01
3.354900000000000104e-01 3.682840000000000003e-01
3.395299999999999985e-01 3.643989999999999729e-01
3.435699999999999865e-01 3.606479999999999686e-01
3.476099999999999746e-01 3.569859999999999700e-01
3.516500000000000181e-01 3.534359999999999724e-01
3.557000000000000162e-01 3.499979999999999758e-01
3.597400000000000042e-01 3.466710000000000069e-01
3.637799999999999923e-01 3.434570000000000123e-01
3.678199999999999803e-01 3.403539999999999899e-01
3.718600000000000239e-01 3.373639999999999972e-01
3.759100000000000219e-01 3.344860000000000055e-01
3.799500000000000099e-01 3.317200000000000149e-01
3.839899999999999980e-01 3.290739999999999776e-01
3.880299999999999860e-01 3.265319999999999889e-01
3.920699999999999741e-01 3.241040000000000032e-01
3.961200000000000276e-01 3.217879999999999630e-01
4.001600000000000157e-01 3.195839999999999792e-01
4.042000000000000037e-01 3.174929999999999697e-01
4.082399999999999918e-01 3.155149999999999899e-01
4.122799999999999798e-01 3.136499999999999844e-01
4.163299999999999779e-01 3.118969999999999798e-01
4.203700000000000214e-01 3.102570000000000050e-01
4.244100000000000095e-01 3.087300000000000044e-01
4.284499999999999975e-01 3.073170000000000068e-01
4.324899999999999856e-01 3.060160000000000102e-01
4.365399999999999836e-01 3.048279999999999879e-01
4.405800000000000272e-01 3.037529999999999952e-01
4.446200000000000152e-01 3.027909999999999768e-01
4.486600000000000033e-01 3.019419999999999882e-01
4.526999999999999913e-01 3.012070000000000025e-01
4.567499999999999893e-01 3.005839999999999623e-01
4.607899999999999774e-01 3.000749999999999806e-01
4.648300000000000209e-01 2.996789999999999732e-01
4.688700000000000090e-01 2.993959999999999955e-01
4.729099999999999970e-01 2.992259999999999920e-01
4.769599999999999951e-01 2.991689999999999627e-01
4.769599999999999951e-01 2.991689999999999627e-01
4.809800000000000186e-01 2.998719999999999719e-01
4.849999999999999867e-01 3.019769999999999954e-01
4.890200000000000102e-01 3.054729999999999945e-01
4.930399999999999783e-01 3.103409999999999780e-01
4.970600000000000018e-01 3.165549999999999753e-01
5.010799999999999699e-01 3.240850000000000120e-01
5.050999999999999934e-01 3.328919999999999657e-01
5.091099999999999515e-01 3.429339999999999611e-01
5.131299999999999750e-01 3.541639999999999788e-01
5.171499999999999986e-01 3.665319999999999689e-01
5.211700000000000221e-01 3.799830000000000152e-01
5.251900000000000457e-01 3.944690000000000141e-01
5.292099999999999582e-01 4.099240000000000106e-01
5.332299999999999818e-01 4.262839999999999963e-01
5.372500000000000053e-01 4.434980000000000033e-01
5.412700000000000289e-01 4.615039999999999698e-01
5.452900000000000524e-01 4.802440000000000042e-01
5.493099999999999650e-01 4.996589999999999643e-01
5.533299999999999885e-01 5.196890000000000676e-01
5.573500000000000121e-01 5.402759999999999785e-01
5.613700000000000356e-01 5.613650000000000029e-01
5.653899999999999482e-01 5.828999999999999737e-01
5.694099999999999717e-01 6.048249999999999460e-01
5.734299999999999953e-01 6.270909999999999540e-01
5.774500000000000188e-01 6.496370000000000200e-01
5.814700000000000424e-01 6.724170000000000424e-01
5.854899999999999549e-01 6.953770000000000229e-01
5.895099999999999785e-01 7.184690000000000243e-01
5.935300000000000020e-01 7.416460000000000274e-01
5.975500000000000256e-01 7.648509999999999476e-01
6.015700000000000491e-01 7.880409999999999915e-01
6.055899999999999617e-01 8.111669999999999714e-01
6.096099999999999852e-01 8.341819999999999791e-01
6.136300000000000088e-01 8.570400000000000240e-01
6.176500000000000323e-01 8.796939999999999760e-01
6.216699999999999449e-01 9.020989999999999842e-01
6.256899999999999684e-01 9.242110000000000047e-01
6.297099999999999920e-01 9.459859999999999935e-01
6.337300000000000155e-01 9.673770000000000424e-01
6.377500000000000391e-01 9.883509999999999796e-01
6.417699999999999516e-01 1.008863000000000065e+00
6.457899999999999752e-01 1.028876000000000124e+00
6.498099999999999987e-01 1.048351000000000033e+00
6.538300000000000223e-01 1.067255999999999982e+00
6.578500000000000458e-01 1.085556999999999883e+00
6.618699999999999584e-01 1.103226000000000040e+00
6.658899999999999819e-01 1.120236000000000010e+00
6.699100000000000055e-01 1.136579000000000006e+00
6.739300000000000290e-01 1.152201999999999948e+00
6.779500000000000526e-01 1.167113000000000067e+00
6.819699999999999651e-01 1.181294999999999984e+00
6.859899999999999887e-01 1.194739999999999913e+00
6.900100000000000122e-01 1.207443000000000044e+00
6.940300000000000358e-01 1.219386000000000081e+00
6.980499999999999483e-01 1.230607999999999924e+00
7.020699999999999719e-01 1.241103000000000067e+00
7.060899999999999954e-01 1.250866999999999951e+00
7.101100000000000190e-01 1.259919000000000011e+00
7.141300000000000425e-01 1.268275000000000041e+00
7.181499999999999551e-01 1.275951000000000057e+00
7.221699999999999786e-01 1.282964999999999911e+00
7.261900000000000022e-01 1.289339999999999931e+00
7.302100000000000257e-01 1.295094999999999885e+00
7.342300000000000493e-01 1.300254999999999939e+00
7.382499999999999618e-01 1.304843999999999893e+00
7.422699999999999854e-01 1.308883000000000019e+00
7.462900000000000089e-01 1.312402999999999986e+00
7.503100000000000325e-01 1.315417999999999976e+00
7.543299999999999450e-01 1.317957000000000045e+00
7.583499999999999686e-01 1.320041999999999938e+00
7.623699999999999921e-01 1.321696999999999900e+00
7.663900000000000157e-01 1.322943999999999898e+00
7.704100000000000392e-01 1.323803000000000063e+00
7.744299999999999518e-01 1.324306999999999901e+00
7.784499999999999753e-01 1.324454000000000020e+00
7.824699999999999989e-01 1.324300999999999950e+00
7.864900000000000224e-01 1.323811000000000071e+00
7.905100000000000460e-01 1.323031000000000068e+00
7.945299999999999585e-01 1.321978000000000097e+00
7.985499999999999821e-01 1.320664000000000060e+00
8.025700000000000056e-01 1.319104000000000054e+00
8.065900000000000292e-01 1.317328999999999972e+00
8.106100000000000527e-01 1.315325000000000077e+00
8.146299999999999653e-01 1.313117000000000090e+00
8.186499999999999888e-01 1.310716999999999910e+00
8.226700000000000124e-01 1.308135999999999965e+00
8.266900000000000359e-01 1.305385999999999935e+00
8.307099999999999485e-01 1.302475999999999967e+00
8.347299999999999720e-01 1.299414999999999987e+00
8.387499999999999956e-01 1.296211999999999920e+00
8.427700000000000191e-01 1.292877000000000054e+00
8.467900000000000427e-01 1.289414999999999978e+00
8.508099999999999552e-01 1.285841000000000012e+00
8.548299999999999788e-01 1.282151999999999958e+00
8.588500000000000023e-01 1.278359000000000023e+00
8.628700000000000259e-01 1.274467999999999934e+00
8.668900000000000494e-01 1.270483999999999947e+00
8.709099999999999620e-01 1.266416999999999904e+00
8.749299999999999855e-01 1.262265999999999888e+00
8.789500000000000091e-01 1.258041999999999883e+00
8.829700000000000326e-01 1.253743999999999970e+00
8.869899999999999451e-01 1.249376999999999960e+00
8.910099999999999687e-01 1.244937999999999878e+00
8.950299999999999923e-01 1.240450000000000053e+00
8.990500000000000158e-01 1.235907000000000089e+00
9.030599999999999739e-01 1.231311000000000044e+00
9.070799999999999974e-01 1.226666999999999952e+00
9.111000000000000210e-01 1.221978000000000009e+00
9.151200000000000445e-01 1.217246000000000050e+00
9.191399999999999570e-01 1.212475999999999887e+00
9.231599999999999806e-01 1.207670000000000021e+00
9.271800000000000042e-01 1.202834999999999877e+00
9.312000000000000277e-01 1.197961999999999971e+00
9.352200000000000513e-01 1.193060999999999927e+00
9.392399999999999638e-01 1.188131999999999966e+00
9.432599999999999874e-01 1.183170999999999973e+00
9.472800000000000109e-01 1.178196000000000021e+00
9.513000000000000345e-01 1.173200999999999938e+00
9.553199999999999470e-01 1.168188000000000004e+00
9.593399999999999705e-01 1.163157999999999914e+00
9.633599999999999941e-01 1.158110999999999891e+00
9.673800000000000177e-01 1.153059999999999974e+00
9.714000000000000412e-01 1.147993000000000041e+00
9.754199999999999537e-01 1.142916999999999961e+00
9.794399999999999773e-01 1.137833000000000094e+00
9.834600000000000009e-01 1.132741999999999916e+00
9.874800000000000244e-01 1.127647999999999984e+00
9.915000000000000480e-01 1.122551999999999994e+00
9.955199999999999605e-01 1.117453999999999947e+00
9.995399999999999840e-01 1.112357000000000040e+00
1.003560000000000008e+00 1.107261999999999968e+00
1.007579999999999920e+00 1.102170000000000094e+00
1.011600000000000055e+00 1.097081999999999891e+00
1.015619999999999967e+00 1.092000999999999999e+00
1.019640000000000102e+00 1.086918000000000051e+00
1.023660000000000014e+00 1.081852999999999954e+00
1.027679999999999927e+00 1.076799000000000062e+00
1.031700000000000061e+00 1.071760999999999964e+00
1.035719999999999974e+00 1.066731000000000096e+00
1.039740000000000109e+00 1.061715999999999882e+00
1.043760000000000021e+00 1.056715999999999989e+00
1.047779999999999934e+00 1.051731999999999889e+00
1.051800000000000068e+00 1.046767000000000003e+00
1.055819999999999981e+00 1.041822000000000026e+00
1.059839999999999893e+00 1.036896999999999958e+00
1.063860000000000028e+00 1.031994000000000078e+00
1.067879999999999940e+00 1.027114000000000082e+00
1.071900000000000075e+00 1.022259000000000029e+00
1.075919999999999987e+00 1.017433999999999950e+00
1.079939999999999900e+00 1.012631000000000059e+00
1.083960000000000035e+00 1.007857000000000003e+00
1.087979999999999947e+00 1.003112000000000004e+00
1.092000000000000082e+00 9.983969999999999789e-01
1.096019999999999994e+00 9.937139999999999862e-01
1.100039999999999907e+00 9.890639999999999432e-01
1.104060000000000041e+00 9.844349999999999490e-01
1.108079999999999954e+00 9.798550000000000315e-01
1.112100000000000088e+00 9.753110000000000390e-01
1.116120000000000001e+00 9.708040000000000003e-01
1.120139999999999914e+00 9.663359999999999728e-01
1.124160000000000048e+00 9.619090000000000140e-01
1.128179999999999961e+00 9.575219999999999843e-01
1.132200000000000095e+00 9.531769999999999410e-01
1.136220000000000008e+00 9.488759999999999417e-01
1.140239999999999920e+00 9.446189999999999864e-01
1.144260000000000055e+00 9.404069999999999929e-01
1.148279999999999967e+00 9.362420000000000186e-01
1.152300000000000102e+00 9.321329999999999893e-01
1.156320000000000014e+00 9.280640000000000001e-01
1.160339999999999927e+00 9.240450000000000053e-01
1.164360000000000062e+00 9.200770000000000337e-01
1.168379999999999974e+00 9.161610000000000031e-01
1.172400000000000109e+00 9.122979999999999423e-01
1.176420000000000021e+00 9.084879999999999622e-01
1.180439999999999934e+00 9.047330000000000094e-01
1.184460000000000068e+00 9.010340000000000016e-01
1.188479999999999981e+00 8.973729999999999762e-01
1.192499999999999893e+00 8.937880000000000269e-01
1.196520000000000028e+00 8.902619999999999978e-01
1.200539999999999941e+00 8.867949999999999999e-01
1.204560000000000075e+00 8.833889999999999798e-01
1.208579999999999988e+00 8.800439999999999374e-01
1.212599999999999900e+00 8.767620000000000413e-01
1.216620000000000035e+00 8.735420000000000407e-01
1.220639999999999947e+00 8.703859999999999930e-01
1.224660000000000082e+00 8.672950000000000381e-01
1.228679999999999994e+00 8.642699999999999827e-01
1.232699999999999907e+00 8.613100000000000200e-01
1.236720000000000041e+00 8.584169999999999856e-01
1.240739999999999954e+00 8.556049999999999489e-01
1.244760000000000089e+00 8.528499999999999970e-01
1.248780000000000001e+00 8.501640000000000308e-01
1.252799999999999914e+00 8.475469999999999393e-01
1.256820000000000048e+00 8.450010000000000021e-01
1.260839999999999961e+00 8.425270000000000259e-01
1.264860000000000095e+00 8.401239999999999819e-01
1.268880000000000008e+00 8.377940000000000387e-01
1.272899999999999920e+00 8.355380000000000029e-01
1.276920000000000055e+00 8.333549999999999569e-01
1.280939999999999968e+00 8.312469999999999581e-01
1.284960000000000102e+00 8.292129999999999779e-01
1.288980000000000015e+00 8.272549999999999626e-01
1.292999999999999927e+00 8.253730000000000233e-01
1.297009999999999996e+00 8.235559999999999548e-01
1.301029999999999909e+00 8.218269999999999742e-01
1.305050000000000043e+00 8.201760000000000161e-01
1.309069999999999956e+00 8.185949999999999616e-01
1.313090000000000090e+00 8.170999999999999375e-01
1.317110000000000003e+00 8.156879999999999686e-01
1.321129999999999916e+00 8.143540000000000223e-01
1.325150000000000050e+00 8.130960000000000409e-01
1.329169999999999963e+00 8.119180000000000286e-01
1.333190000000000097e+00 8.108189999999999564e-01
1.337210000000000010e+00 8.098009999999999931e-01
1.341229999999999922e+00 8.088629999999999987e-01
1.345250000000000057e+00 8.080060000000000020e-01
1.349269999999999969e+00 8.072300000000000031e-01
1.353290000000000104e+00 8.065350000000000019e-01
1.357310000000000016e+00 8.059209999999999985e-01
1.361329999999999929e+00 8.053890000000000216e-01
1.365350000000000064e+00 8.049389999999999601e-01
1.369369999999999976e+00 8.045700000000000074e-01
1.373390000000000111e+00 8.042829999999999702e-01
1.377410000000000023e+00 8.040779999999999594e-01
1.381429999999999936e+00 8.039549999999999752e-01
1.385450000000000070e+00 8.039140000000000175e-01
1.385450000000000070e+00 8.039140000000000175e-01
1.389489999999999892e+00 8.039619999999999544e-01
1.393540000000000001e+00 8.041030000000000122e-01
1.397580000000000044e+00 8.043359999999999399e-01
1.401620000000000088e+00 8.046670000000000211e-01
1.405659999999999910e+00 8.050910000000000011e-01
1.409699999999999953e+00 8.056099999999999373e-01
1.413750000000000062e+00 8.062199999999999367e-01
1.417790000000000106e+00 8.069260000000000321e-01
1.421829999999999927e+00 8.077250000000000263e-01
1.425869999999999971e+00 8.086179999999999479e-01
1.429910000000000014e+00 8.096039999999999903e-01
1.433959999999999901e+00 8.106820000000000137e-01
1.437999999999999945e+00 8.118520000000000181e-01
1.442039999999999988e+00 8.131150000000000322e-01
1.446080000000000032e+00 8.144689999999999985e-01
1.450120000000000076e+00 8.159129999999999994e-01
1.454169999999999963e+00 8.174489999999999812e-01
1.458210000000000006e+00 8.190739999999999688e-01
1.462250000000000050e+00 8.207889999999999908e-01
1.466290000000000093e+00 8.225930000000000186e-01
1.470329999999999915e+00 8.244850000000000234e-01
1.474380000000000024e+00 8.264650000000000052e-01
1.478420000000000067e+00 8.285310000000000175e-01
1.482460000000000111e+00 8.306829999999999492e-01
1.486499999999999932e+00 8.329119999999999857e-01
1.490539999999999976e+00 8.352330000000000032e-01
1.494590000000000085e+00 8.376379999999999937e-01
1.498629999999999907e+00 8.401260000000000394e-01
1.502669999999999950e+00 8.426939999999999431e-01
1.506709999999999994e+00 8.453530000000000211e-01
1.510750000000000037e+00 8.480759999999999410e-01
1.514799999999999924e+00 8.508829999999999449e-01
1.518839999999999968e+00 8.537629999999999386e-01
1.522880000000000011e+00 8.567139999999999755e-01
1.526920000000000055e+00 8.597279999999999367e-01
1.530960000000000099e+00 8.628280000000000394e-01
1.535009999999999986e+00 8.659970000000000168e-01
1.539050000000000029e+00 8.692339999999999511e-01
1.543090000000000073e+00 8.725359999999999783e-01
1.547129999999999894e+00 8.758979999999999544e-01
1.551169999999999938e+00 8.793239999999999945e-01
1.555220000000000047e+00 8.828070000000000084e-01
1.559260000000000090e+00 8.863449999999999385e-01
1.563299999999999912e+00 8.899340000000000028e-01
1.567339999999999955e+00 8.935710000000000042e-01
1.571379999999999999e+00 8.972510000000000208e-01
1.575430000000000108e+00 9.009669999999999623e-01
1.579469999999999930e+00 9.047159999999999647e-01
1.583509999999999973e+00 9.084869999999999335e-01
1.587550000000000017e+00 9.122730000000000006e-01
1.591590000000000060e+00 9.160589999999999566e-01
1.595639999999999947e+00 9.198319999999999830e-01
1.599679999999999991e+00 9.235569999999999613e-01
1.603720000000000034e+00 9.271949999999999914e-01
1.607760000000000078e+00 9.306759999999999478e-01
1.611799999999999899e+00 9.338640000000000274e-01
1.615850000000000009e+00 9.364770000000000039e-01
1.619890000000000052e+00 9.378489999999999327e-01
1.623930000000000096e+00 9.363669999999999494e-01
1.627969999999999917e+00 9.294580000000000064e-01
1.632009999999999961e+00 9.169570000000000221e-01
1.636060000000000070e+00 9.015670000000000073e-01
1.640099999999999891e+00 8.851519999999999389e-01
1.644139999999999935e+00 8.685209999999999875e-01
1.648179999999999978e+00 8.520060000000000411e-01
1.652220000000000022e+00 8.357759999999999634e-01
1.656269999999999909e+00 8.199250000000000149e-01
1.660309999999999953e+00 8.045179999999999554e-01
1.664349999999999996e+00 7.895989999999999398e-01
1.668390000000000040e+00 7.752040000000000042e-01
1.672430000000000083e+00 7.613670000000000160e-01
1.676479999999999970e+00 7.481069999999999665e-01
1.680520000000000014e+00 7.354499999999999371e-01
1.684560000000000057e+00 7.234190000000000342e-01
1.688600000000000101e+00 7.120330000000000270e-01
1.692639999999999922e+00 7.013110000000000177e-01
1.696690000000000031e+00 6.912690000000000223e-01
1.700730000000000075e+00 6.819220000000000281e-01
1.704769999999999897e+00 6.732939999999999481e-01
1.708809999999999940e+00 6.653780000000000250e-01
1.712849999999999984e+00 6.581949999999999745e-01
1.716900000000000093e+00 6.517560000000000020e-01
1.720939999999999914e+00 6.460650000000000004e-01
1.724979999999999958e+00 6.411289999999999489e-01
1.729020000000000001e+00 6.369529999999999914e-01
1.733060000000000045e+00 6.335389999999999633e-01
1.737109999999999932e+00 6.308880000000000043e-01
1.741149999999999975e+00 6.289989999999999748e-01
1.745190000000000019e+00 6.278679999999999817e-01
1.749230000000000063e+00 6.274899999999999922e-01
1.753270000000000106e+00 6.278589999999999449e-01
1.757319999999999993e+00 6.289690000000000003e-01
1.761360000000000037e+00 6.308019999999999738e-01
1.765400000000000080e+00 6.333489999999999398e-01
1.769439999999999902e+00 6.365919999999999357e-01
1.773479999999999945e+00 6.405220000000000358e-01
1.777530000000000054e+00 6.451169999999999405e-01
1.781570000000000098e+00 6.503569999999999629e-01
1.785609999999999919e+00 6.562189999999999968e-01
1.789649999999999963e+00 6.626809999999999645e-01
1.793690000000000007e+00 6.697180000000000355e-01
1.797739999999999894e+00 6.773019999999999596e-01
1.801779999999999937e+00 6.854149999999999965e-01
1.805819999999999981e+00 6.940100000000000158e-01
1.809860000000000024e+00 7.030649999999999400e-01
1.813900000000000068e+00 7.125470000000000415e-01
1.817949999999999955e+00 7.224230000000000373e-01
1.821989999999999998e+00 7.326589999999999492e-01
1.826030000000000042e+00 7.432189999999999630e-01
1.830070000000000086e+00 7.540649999999999853e-01
1.834109999999999907e+00 7.651609999999999800e-01
1.838160000000000016e+00 7.764670000000000183e-01
1.842200000000000060e+00 7.879450000000000065e-01
1.846240000000000103e+00 7.995489999999999542e-01
1.850279999999999925e+00 8.112479999999999691e-01
1.854319999999999968e+00 8.229969999999999786e-01
1.858370000000000077e+00 8.347529999999999673e-01
1.862409999999999899e+00 8.464779999999999527e-01
0.000000000000000000e+00 1.051757999999999971e+00
4.040000000000000188e-03 1.063655999999999935e+00
8.080000000000000376e-03 1.075609999999999955e+00
1.213000000000000016e-02 1.087615999999999916e+00
1.617000000000000035e-02 1.099674000000000040e+00
2.020999999999999880e-02 1.111779999999999990e+00
2.425000000000000072e-02 1.123933000000000071e+00
2.828999999999999918e-02 1.136133999999999977e+00
3.234000000000000069e-02 1.148371000000000031e+00
3.638000000000000261e-02 1.160646000000000067e+00
4.041999999999999760e-02 1.172955999999999888e+00
4.445999999999999952e-02 1.185298999999999880e+00
4.850000000000000144e-02 1.197708999999999913e+00
5.254999999999999949e-02 1.210105999999999904e+00
5.659000000000000141e-02 1.222526999999999919e+00
6.063000000000000334e-02 1.234966999999999926e+00
6.467000000000000526e-02 1.247420999999999891e+00
6.870999999999999330e-02 1.259887999999999897e+00
7.276000000000000523e-02 1.272361000000000075e+00
7.679999999999999327e-02 1.284839000000000064e+00
8.083999999999999519e-02 1.297314999999999996e+00
8.487999999999999712e-02 1.309784999999999977e+00
8.891999999999999904e-02 1.322244999999999893e+00
9.296999999999999709e-02 1.334689000000000014e+00
9.700999999999999901e-02 1.347112000000000087e+00
1.010500000000000009e-01 1.359507999999999939e+00
1.050900000000000029e-01 1.371871000000000063e+00
1.091300000000000048e-01 1.384152999999999967e+00
1.131800000000000028e-01 1.396431999999999896e+00
1.172200000000000047e-01 1.408657999999999966e+00
1.212600000000000067e-01 1.420824000000000087e+00
1.252999999999999947e-01 1.432924000000000087e+00
1.293400000000000105e-01 1.444974999999999898e+00
1.333900000000000086e-01 1.456914999999999960e+00
1.374299999999999966e-01 1.468760999999999983e+00
1.414700000000000124e-01 1.480504999999999960e+00
1.455100000000000005e-01 1.492137999999999964e+00
1.495499999999999885e-01 1.503644999999999898e+00
1.535999999999999865e-01 1.515017000000000058e+00
1.576400000000000023e-01 1.526241999999999877e+00
1.616799999999999904e-01 1.537306999999999979e+00
1.657200000000000062e-01 1.548198999999999881e+00
1.697599999999999942e-01 1.558940999999999910e+00
1.738099999999999923e-01 1.569441000000000086e+00
1.778500000000000081e-01 1.579693000000000014e+00
1.818899999999999961e-01 1.589744000000000046e+00
1.859300000000000119e-01 1.599529999999999896e+00
1.899700000000000000e-01 1.609040999999999944e+00
1.940199999999999980e-01 1.618254999999999999e+00
1.980600000000000138e-01 1.627150000000000096e+00
2.021000000000000019e-01 1.635702999999999907e+00
2.061399999999999899e-01 1.643888000000000016e+00
2.101800000000000057e-01 1.651632999999999907e+00
2.142300000000000038e-01 1.658998999999999890e+00
2.182699999999999918e-01 1.665912000000000059e+00
2.223100000000000076e-01 1.672339999999999938e+00
2.263499999999999956e-01 1.678247999999999962e+00
2.303900000000000114e-01 1.683600999999999903e+00
2.344400000000000095e-01 1.688361000000000001e+00
2.384799999999999975e-01 1.692487999999999992e+00
2.425200000000000133e-01 1.695929999999999938e+00
2.465600000000000014e-01 1.698666999999999927e+00
2.505999999999999894e-01 1.700641999999999987e+00
2.546499999999999875e-01 1.701810999999999963e+00
2.586899999999999755e-01 1.702124999999999888e+00
2.627300000000000191e-01 1.701537999999999995e+00
2.667700000000000071e-01 1.700001000000000095e+00
2.708099999999999952e-01 1.697470000000000034e+00
2.748599999999999932e-01 1.693896000000000068e+00
2.788999999999999813e-01 1.689238000000000017e+00
2.829400000000000248e-01 1.683453000000000088e+00
2.869800000000000129e-01 1.676504999999999912e+00
2.910200000000000009e-01 1.668360000000000065e+00
2.950699999999999990e-01 1.658990999999999882e+00
2.991099999999999870e-01 1.648377999999999899e+00
3.031499999999999750e-01 1.636505000000000098e+00
3.071900000000000186e-01 1.623367000000000004e+00
3.112300000000000066e-01 1.608964000000000061e+00
3.152800000000000047e-01 1.593307000000000029e+00
3.193199999999999927e-01 1.576411999999999924e+00
3.233599999999999808e-01 1.558303999999999911e+00
3.274000000000000243e-01 1.539015000000000022e+00
3.314400000000000124e-01 1.518588999999999967e+00
3.354900000000000104e-01 1.497068000000000065e+00
3.395299999999999985e-01 1.474504000000000037e+00
3.435699999999999865e-01 1.450952000000000019e+00
3.476099999999999746e-01 1.426471000000000044e+00
3.516500000000000181e-01 1.401122999999999896e+00
3.557000000000000162e-01 1.374973000000000001e+00
3.597400000000000042e-01 1.348084999999999978e+00
3.637799999999999923e-01 1.320529999999999982e+00
3.678199999999999803e-01 1.292375000000000052e+00
3.718600000000000239e-01 1.263689000000000062e+00
3.759100000000000219e-01 1.234542000000000028e+00
3.799500000000000099e-01 1.205006999999999939e+00
3.839899999999999980e-01 1.175159000000000065e+00
3.880299999999999860e-01 1.145062000000000024e+00
3.920699999999999741e-01 1.114799000000000095e+00
3.961200000000000276e-01 1.084446999999999939e+00
4.001600000000000157e-01 1.054089999999999971e+00
4.042000000000000037e-01 1.023814000000000002e+00
4.082399999999999918e-01 9.937139999999999862e-01
4.122799999999999798e-01 9.638879999999999670e-01
4.163299999999999779e-01 9.344470000000000276e-01
4.203700000000000214e-01 9.055100000000000371e-01
4.244100000000000095e-01 8.772079999999999878e-01
4.284499999999999975e-01 8.496879999999999988e-01
4.324899999999999856e-01 8.231119999999999548e-01
4.365399999999999836e-01 7.976579999999999782e-01
4.405800000000000272e-01 7.735269999999999646e-01
4.446200000000000152e-01 7.508979999999999544e-01
4.486600000000000033e-01 7.300860000000000127e-01
4.526999999999999913e-01 7.113019999999999898e-01
4.567499999999999893e-01 6.948069999999999524e-01
4.607899999999999774e-01 6.808600000000000207e-01
4.648300000000000209e-01 6.697089999999999987e-01
4.688700000000000090e-01 6.615579999999999794e-01
4.729099999999999970e-01 6.566009999999999902e-01
4.769599999999999951e-01 6.549359999999999626e-01
4.769599999999999951e-01 6.549359999999999626e-01
4.809800000000000186e-01 6.563900000000000290e-01
4.849999999999999867e-01 6.607079999999999620e-01
4.890200000000000102e-01 6.677699999999999747e-01
4.930399999999999783e-01 6.773890000000000189e-01
4.970600000000000018e-01 6.893329999999999735e-01
5.010799999999999699e-01 7.033469999999999445e-01
5.050999999999999934e-01 7.191689999999999472e-01
5.091099999999999515e-01 7.365469999999999517e-01
5.131299999999999750e-01 7.552419999999999689e-01
5.171499999999999986e-01 7.750380000000000047e-01
5.211700000000000221e-01 7.957450000000000356e-01
5.251900000000000457e-01 8.171929999999999472e-01
5.292099999999999582e-01 8.392349999999999532e-01
5.332299999999999818e-01 8.617369999999999752e-01
5.372500000000000053e-01 8.846209999999999907e-01
5.412700000000000289e-01 9.077370000000000161e-01
5.452900000000000524e-01 9.310269999999999380e-01
5.493099999999999650e-01 9.544179999999999886e-01
5.533299999999999885e-01 9.778479999999999395e-01
5.573500000000000121e-01 1.001263000000000014e+00
5.613700000000000356e-01 1.024614000000000136e+00
5.653899999999999482e-01 1.047860999999999931e+00
5.694099999999999717e-01 1.070967000000000002e+00
5.734299999999999953e-01 1.093900000000000095e+00
5.774500000000000188e-01 1.116632000000000069e+00
5.814700000000000424e-01 1.139138999999999902e+00
5.854899999999999549e-01 1.161399999999999988e+00
5.895099999999999785e-01 1.183395999999999892e+00
5.935300000000000020e-01 1.205112999999999879e+00
5.975500000000000256e-01 1.226534999999999931e+00
6.015700000000000491e-01 1.247652999999999901e+00
6.055899999999999617e-01 1.268456000000000028e+00
6.096099999999999852e-01 1.288936000000000082e+00
6.136300000000000088e-01 1.309086999999999890e+00
6.176500000000000323e-01 1.328905999999999921e+00
6.216699999999999449e-01 1.348387999999999920e+00
6.256899999999999684e-01 1.367532999999999888e+00
6.297099999999999920e-01 1.386338000000000070e+00
6.337300000000000155e-01 1.404803000000000024e+00
6.377500000000000391e-01 1.422930999999999946e+00
6.417699999999999516e-01 1.440722999999999976e+00
6.457899999999999752e-01 1.458180999999999949e+00
6.498099999999999987e-01 1.475308000000000064e+00
6.538300000000000223e-01 1.492108999999999908e+00
6.578500000000000458e-01 1.508586999999999900e+00
6.618699999999999584e-01 1.524745999999999935e+00
6.658899999999999819e-01 1.540591999999999961e+00
6.699100000000000055e-01 1.556130999999999931e+00
6.739300000000000290e-01 1.571364999999999901e+00
6.779500000000000526e-01 1.586300999999999961e+00
6.819699999999999651e-01 1.600940000000000030e+00
6.859899999999999887e-01 1.615296000000000065e+00
6.900100000000000122e-01 1.629370999999999903e+00
6.940300000000000358e-01 1.643167999999999962e+00
6.980499999999999483e-01 1.656695999999999946e+00
7.020699999999999719e-01 1.669993000000000061e+00
7.060899999999999954e-01 1.682995999999999936e+00
7.101100000000000190e-01 1.695745000000000058e+00
7.141300000000000425e-01 1.708245999999999931e+00
7.181499999999999551e-01 1.720504999999999951e+00
7.221699999999999786e-01 1.732526000000000010e+00
7.261900000000000022e-01 1.744315999999999978e+00
7.302100000000000257e-01 1.755878999999999968e+00
7.342300000000000493e-01 1.767220999999999931e+00
7.382499999999999618e-01 1.778346999999999900e+00
7.422699999999999854e-01 1.789261999999999908e+00
7.462900000000000089e-01 1.799997000000000069e+00
7.503100000000000325e-01 1.810505999999999949e+00
7.543299999999999450e-01 1.820819999999999883e+00
7.583499999999999686e-01 1.830934999999999979e+00
7.623699999999999921e-01 1.840867999999999949e+00
7.663900000000000157e-01 1.850616000000000039e+00
7.704100000000000392e-01 1.860184000000000060e+00
7.744299999999999518e-01 1.869582000000000077e+00
7.784499999999999753e-01 1.878798999999999886e+00
7.824699999999999989e-01 1.887861000000000011e+00
7.864900000000000224e-01 1.896736999999999895e+00
7.905100000000000460e-01 1.905445999999999973e+00
7.945299999999999585e-01 1.913996999999999948e+00
7.985499999999999821e-01 1.922380999999999895e+00
8.025700000000000056e-01 1.930595000000000061e+00
8.065900000000000292e-01 1.938674000000000008e+00
8.106100000000000527e-01 1.946579999999999977e+00
8.146299999999999653e-01 1.954328000000000065e+00
8.186499999999999888e-01 1.961918999999999969e+00
8.226700000000000124e-01 1.969352999999999909e+00
8.266900000000000359e-01 1.976629999999999887e+00
8.307099999999999485e-01 1.983749999999999902e+00
8.347299999999999720e-01 1.990714000000000095e+00
8.387499999999999956e-01 1.997519999999999962e+00
8.427700000000000191e-01 2.004167999999999950e+00
8.467900000000000427e-01 2.010657000000000139e+00
8.508099999999999552e-01 2.016986000000000168e+00
8.548299999999999788e-01 2.023155000000000037e+00
8.588500000000000023e-01 2.029161999999999910e+00
8.628700000000000259e-01 2.035005000000000397e+00
8.668900000000000494e-01 2.040685000000000304e+00
8.709099999999999620e-01 2.046222000000000207e+00
8.749299999999999855e-01 2.051568000000000058e+00
8.789500000000000091e-01 2.056771000000000349e+00
8.829700000000000326e-01 2.061780000000000168e+00
8.869899999999999451e-01 2.066616000000000231e+00
8.910099999999999687e-01 2.071276000000000117e+00
8.950299999999999923e-01 2.075764000000000387e+00
8.990500000000000158e-01 2.080077000000000176e+00
9.030599999999999739e-01 2.084211000000000258e+00
9.070799999999999974e-01 2.088168000000000024e+00
9.111000000000000210e-01 2.091970000000000329e+00
9.151200000000000445e-01 2.095569000000000237e+00
9.191399999999999570e-01 2.099032000000000231e+00
9.231599999999999806e-01 2.102268000000000026e+00
9.271800000000000042e-01 2.105327000000000393e+00
9.312000000000000277e-01 2.108200000000000074e+00
9.352200000000000513e-01 2.110891000000000073e+00
9.392399999999999638e-01 2.113400000000000389e+00
9.432599999999999874e-01 2.115748000000000406e+00
9.472800000000000109e-01 2.117895000000000305e+00
9.513000000000000345e-01 2.119862000000000357e+00
9.553199999999999470e-01 2.121650000000000258e+00
9.593399999999999705e-01 2.123260000000000147e+00
9.633599999999999941e-01 2.124692000000000025e+00
9.673800000000000177e-01 2.125952000000000286e+00
9.714000000000000412e-01 2.127040000000000042e+00
9.754199999999999537e-01 2.127957000000000320e+00
9.794399999999999773e-01 2.128707000000000349e+00
9.834600000000000009e-01 2.129277000000000086e+00
9.874800000000000244e-01 2.129698000000000313e+00
9.915000000000000480e-01 2.129969000000000001e+00
9.955199999999999605e-01 2.130075000000000163e+00
9.995399999999999840e-01 2.130028000000000254e+00
1.003560000000000008e+00 2.129832000000000392e+00
1.007579999999999920e+00 2.129491000000000245e+00
1.011600000000000055e+00 2.129008000000000234e+00
1.015619999999999967e+00 2.128387000000000029e+00
1.019640000000000102e+00 2.127632000000000190e+00
1.023660000000000014e+00 2.126748000000000083e+00
1.027679999999999927e+00 2.125739000000000267e+00
1.031700000000000061e+00 2.124617000000000200e+00
1.035719999999999974e+00 2.123371000000000119e+00
1.039740000000000109e+00 2.122012000000000231e+00
1.043760000000000021e+00 2.120546000000000042e+00
1.047779999999999934e+00 2.118974000000000135e+00
1.051800000000000068e+00 2.117307000000000272e+00
1.055819999999999981e+00 2.115545000000000009e+00
1.059839999999999893e+00 2.113694000000000184e+00
1.063860000000000028e+00 2.111758000000000024e+00
1.067879999999999940e+00 2.109741000000000088e+00
1.071900000000000075e+00 2.107649000000000328e+00
1.075919999999999987e+00 2.105489000000000388e+00
1.079939999999999900e+00 2.103257000000000154e+00
1.083960000000000035e+00 2.100971000000000366e+00
1.087979999999999947e+00 2.098618000000000094e+00
1.092000000000000082e+00 2.096210000000000129e+00
1.096019999999999994e+00 2.093752000000000280e+00
1.100039999999999907e+00 2.091247000000000078e+00
1.104060000000000041e+00 2.088687000000000182e+00
1.108079999999999954e+00 2.086102000000000345e+00
1.112100000000000088e+00 2.083482000000000056e+00
1.116120000000000001e+00 2.080831000000000319e+00
1.120139999999999914e+00 2.078152000000000221e+00
1.124160000000000048e+00 2.075450000000000017e+00
1.128179999999999961e+00 2.072727000000000430e+00
1.132200000000000095e+00 2.069988000000000383e+00
1.136220000000000008e+00 2.067235000000000156e+00
1.140239999999999920e+00 2.064472000000000307e+00
1.144260000000000055e+00 2.061701000000000228e+00
1.148279999999999967e+00 2.058926000000000034e+00
1.152300000000000102e+00 2.056150000000000144e+00
1.156320000000000014e+00 2.053375000000000394e+00
1.160339999999999927e+00 2.050605000000000011e+00
1.164360000000000062e+00 2.047841000000000022e+00
1.168379999999999974e+00 2.045088000000000239e+00
1.172400000000000109e+00 2.042386000000000035e+00
1.176420000000000021e+00 2.039658000000000193e+00
1.180439999999999934e+00 2.036948000000000203e+00
1.184460000000000068e+00 2.034258000000000344e+00
1.188479999999999981e+00 2.031589000000000311e+00
1.192499999999999893e+00 2.028944000000000081e+00
1.196520000000000028e+00 2.026324999999999932e+00
1.200539999999999941e+00 2.023733000000000004e+00
1.204560000000000075e+00 2.021171999999999969e+00
1.208579999999999988e+00 2.018642999999999965e+00
1.212599999999999900e+00 2.016147000000000133e+00
1.216620000000000035e+00 2.013687000000000005e+00
1.220639999999999947e+00 2.011264000000000163e+00
1.224660000000000082e+00 2.008879999999999999e+00
1.228679999999999994e+00 2.006547999999999998e+00
1.232699999999999907e+00 2.004246000000000194e+00
1.236720000000000041e+00 2.001971000000000167e+00
1.240739999999999954e+00 1.999757000000000007e+00
1.244760000000000089e+00 1.997595000000000010e+00
1.248780000000000001e+00 1.995474999999999888e+00
1.252799999999999914e+00 1.993400999999999978e+00
1.256820000000000048e+00 1.991379999999999928e+00
1.260839999999999961e+00 1.989408999999999983e+00
1.264860000000000095e+00 1.987490999999999897e+00
1.268880000000000008e+00 1.985625999999999891e+00
1.272899999999999920e+00 1.983814999999999884e+00
1.276920000000000055e+00 1.982059000000000015e+00
1.280939999999999968e+00 1.980358999999999980e+00
1.284960000000000102e+00 1.978717000000000059e+00
1.288980000000000015e+00 1.977131999999999890e+00
1.292999999999999927e+00 1.975606999999999891e+00
1.297009999999999996e+00 1.974139000000000088e+00
1.301029999999999909e+00 1.972733000000000070e+00
1.305050000000000043e+00 1.971387999999999918e+00
1.309069999999999956e+00 1.970100999999999880e+00
1.313090000000000090e+00 1.968879999999999963e+00
1.317110000000000003e+00 1.967721999999999971e+00
1.321129999999999916e+00 1.966636000000000051e+00
1.325150000000000050e+00 1.965603999999999907e+00
1.329169999999999963e+00 1.964636999999999967e+00
1.333190000000000097e+00 1.963734000000000091e+00
1.337210000000000010e+00 1.962896999999999892e+00
1.341229999999999922e+00 1.962126000000000037e+00
1.345250000000000057e+00 1.961419999999999941e+00
1.349269999999999969e+00 1.960780999999999885e+00
1.353290000000000104e+00 1.960209000000000090e+00
1.357310000000000016e+00 1.959702999999999973e+00
1.361329999999999929e+00 1.959265000000000034e+00
1.365350000000000064e+00 1.958892999999999995e+00
1.369369999999999976e+00 1.958593000000000028e+00
1.373390000000000111e+00 1.958355999999999986e+00
1.377410000000000023e+00 1.958186999999999900e+00
1.381429999999999936e+00 1.958085000000000075e+00
1.385450000000000070e+00 1.958050999999999986e+00
1.385450000000000070e+00 1.958050999999999986e+00
1.389489999999999892e+00 1.957565000000000000e+00
1.393540000000000001e+00 1.956105999999999900e+00
1.397580000000000044e+00 1.953672000000000075e+00
1.401620000000000088e+00 1.950285999999999964e+00
1.405659999999999910e+00 1.945948999999999929e+00
1.409699999999999953e+00 1.940674999999999928e+00
1.413750000000000062e+00 1.934468999999999994e+00
1.417790000000000106e+00 1.927360999999999880e+00
1.421829999999999927e+00 1.919365999999999906e+00
1.425869999999999971e+00 1.910501999999999923e+00
1.429910000000000014e+00 1.900792999999999955e+00
1.433959999999999901e+00 1.890263000000000027e+00
1.437999999999999945e+00 1.878937000000000079e+00
1.442039999999999988e+00 1.866840000000000055e+00
1.446080000000000032e+00 1.854001999999999928e+00
1.450120000000000076e+00 1.840449999999999919e+00
1.454169999999999963e+00 1.826213000000000086e+00
1.458210000000000006e+00 1.811320000000000041e+00
1.462250000000000050e+00 1.795800000000000063e+00
1.466290000000000093e+00 1.779681999999999986e+00
1.470329999999999915e+00 1.762996000000000008e+00
1.474380000000000024e+00 1.745771999999999879e+00
1.478420000000000067e+00 1.728038999999999881e+00
1.482460000000000111e+00 1.709824999999999928e+00
1.486499999999999932e+00 1.691159999999999997e+00
1.490539999999999976e+00 1.672072000000000003e+00
1.494590000000000085e+00 1.652587000000000028e+00
1.498629999999999907e+00 1.632735000000000047e+00
1.502669999999999950e+00 1.612541999999999920e+00
1.506709999999999994e+00 1.592041000000000039e+00
1.510750000000000037e+00 1.571245000000000003e+00
1.514799999999999924e+00 1.550200000000000022e+00
1.518839999999999968e+00 1.528904999999999959e+00
1.522880000000000011e+00 1.507392000000000065e+00
1.526920000000000055e+00 1.485689999999999955e+00
1.530960000000000099e+00 1.463832000000000022e+00
1.535009999999999986e+00 1.441834000000000060e+00
1.539050000000000029e+00 1.419718999999999953e+00
1.543090000000000073e+00 1.397512000000000087e+00
1.547129999999999894e+00 1.375231000000000092e+00
1.551169999999999938e+00 1.352907000000000082e+00
1.555220000000000047e+00 1.330557999999999907e+00
1.559260000000000090e+00 1.308208000000000037e+00
1.563299999999999912e+00 1.285878999999999994e+00
1.567339999999999955e+00 1.263595000000000024e+00
1.571379999999999999e+00 1.241378000000000092e+00
1.575430000000000108e+00 1.219252000000000002e+00
1.579469999999999930e+00 1.197241999999999917e+00
1.583509999999999973e+00 1.175375999999999976e+00
1.587550000000000017e+00 1.153678999999999899e+00
1.591590000000000060e+00 1.132184000000000079e+00
1.595639999999999947e+00 1.110929999999999973e+00
1.599679999999999991e+00 1.089952999999999950e+00
1.603720000000000034e+00 1.069317999999999991e+00
1.607760000000000078e+00 1.049112999999999962e+00
1.611799999999999899e+00 1.029490000000000016e+00
1.615850000000000009e+00 1.010747999999999980e+00
1.619890000000000052e+00 9.935709999999999820e-01
1.623930000000000096e+00 9.795859999999999568e-01
1.627969999999999917e+00 9.713849999999999429e-01
1.632009999999999961e+00 9.691410000000000302e-01
1.636060000000000070e+00 9.701830000000000176e-01
1.640099999999999891e+00 9.726270000000000193e-01
1.644139999999999935e+00 9.757310000000000150e-01
1.648179999999999978e+00 9.791459999999999608e-01
1.652220000000000022e+00 9.827230000000000132e-01
1.656269999999999909e+00 9.863769999999999483e-01
1.660309999999999953e+00 9.900609999999999689e-01
1.664349999999999996e+00 9.937399999999999567e-01
1.668390000000000040e+00 9.973889999999999700e-01
1.672430000000000083e+00 1.000993000000000022e+00
1.676479999999999970e+00 1.004525000000000112e+00
1.680520000000000014e+00 1.007973000000000008e+00
1.684560000000000057e+00 1.011322999999999972e+00
1.688600000000000101e+00 1.014560000000000128e+00
1.692639999999999922e+00 1.017670000000000075e+00
1.696690000000000031e+00 1.020637000000000016e+00
1.700730000000000075e+00 1.023446999999999996e+00
1.704769999999999897e+00 1.026085000000000136e+00
1.708809999999999940e+00 1.028523000000000076e+00
1.712849999999999984e+00 1.030766999999999989e+00
1.716900000000000093e+00 1.032790000000000097e+00
1.720939999999999914e+00 1.034575000000000022e+00
1.724979999999999958e+00 1.036102999999999996e+00
1.729020000000000001e+00 1.037357000000000085e+00
1.733060000000000045e+00 1.038318000000000074e+00
1.737109999999999932e+00 1.038966999999999974e+00
1.741149999999999975e+00 1.039285999999999932e+00
1.745190000000000019e+00 1.039255999999999958e+00
1.749230000000000063e+00 1.038836000000000093e+00
1.753270000000000106e+00 1.038048999999999999e+00
1.757319999999999993e+00 1.036869000000000041e+00
1.761360000000000037e+00 1.035253999999999897e+00
1.765400000000000080e+00 1.033199999999999896e+00
1.769439999999999902e+00 1.030691000000000024e+00
1.773479999999999945e+00 1.027713000000000099e+00
1.777530000000000054e+00 1.024253999999999998e+00
1.781570000000000098e+00 1.020305999999999935e+00
1.785609999999999919e+00 1.015853000000000117e+00
1.789649999999999963e+00 1.010895000000000099e+00
1.793690000000000007e+00 1.005427000000000071e+00
1.797739999999999894e+00 9.994499999999999496e-01
1.801779999999999937e+00 9.929719999999999658e-01
1.805819999999999981e+00 9.859860000000000291e-01
1.809860000000000024e+00 9.785089999999999621e-01
1.813900000000000068e+00 9.705529999999999990e-01
1.817949999999999955e+00 9.621339999999999337e-01
1.821989999999999998e+00 9.532709999999999795e-01
1.826030000000000042e+00 9.439879999999999383e-01
1.830070000000000086e+00 9.343089999999999451e-01
1.834109999999999907e+00 9.242629999999999457e-01
1.838160000000000016e+00 9.138800000000000257e-01
1.842200000000000060e+00 9.031930000000000236e-01
1.846240000000000103e+00 8.922360000000000291e-01
1.850279999999999925e+00 8.810489999999999711e-01
1.854319999999999968e+00 8.696679999999999966e-01
1.858370000000000077e+00 8.581280000000000019e-01
1.862409999999999899e+00 8.464779999999999527e-01
0.000000000000000000e+00 1.051757999999999971e+00
4.040000000000000188e-03 1.063655999999999935e+00
8.080000000000000376e-03 1.075609999999999955e+00
1.213000000000000016e-02 1.087615999999999916e+00
1.617000000000000035e-02 1.099674000000000040e+00
2.020999999999999880e-02 1.111779999999999990e+00
2.425000000000000072e-02 1.123933000000000071e+00
2.828999999999999918e-02 1.136133999999999977e+00
3.234000000000000069e-02 1.148371000000000031e+00
3.638000000000000261e-02 1.160646000000000067e+00
4.041999999999999760e-02 1.172955999999999888e+00
4.445999999999999952e-02 1.185298999999999880e+00
4.850000000000000144e-02 1.197708999999999913e+00
5.254999999999999949e-02 1.210105999999999904e+00
5.659000000000000141e-02 1.222526999999999919e+00
6.063000000000000334e-02 1.234966999999999926e+00
6.467000000000000526e-02 1.247420999999999891e+00
6.870999999999999330e-02 1.259887999999999897e+00
7.276000000000000523e-02 1.272361000000000075e+00
7.679999999999999327e-02 1.284839000000000064e+00
8.083999999999999519e-02 1.297314999999999996e+00
8.487999999999999712e-02 1.309784999999999977e+00
8.891999999999999904e-02 1.322244999999999893e+00
9.296999999999999709e-02 1.334689000000000014e+00
9.700999999999999901e-02 1.347112000000000087e+00
1.010500000000000009e-01 1.359507999999999939e+00
1.050900000000000029e-01 1.371871000000000063e+00
1.091300000000000048e-01 1.384152999999999967e+00
1.131800000000000028e-01 1.396431999999999896e+00
1.172200000000000047e-01 1.408657999999999966e+00
1.212600000000000067e-01 1.420824000000000087e+00
1.252999999999999947e-01 1.432924000000000087e+00
1.293400000000000105e-01 1.444974999999999898e+00
1.333900000000000086e-01 1.456914999999999960e+00
1.374299999999999966e-01 1.468760999999999983e+00
1.414700000000000124e-01 1.480504999999999960e+00
1.455100000000000005e-01 1.492137999999999964e+00
1.495499999999999885e-01 1.503644999999999898e+00
1.535999999999999865e-01 1.515017000000000058e+00
1.576400000000000023e-01 1.526241999999999877e+00
1.616799999999999904e-01 1.537306999999999979e+00
1.657200000000000062e-01 1.548198999999999881e+00
1.697599999999999942e-01 1.558940999999999910e+00
1.738099999999999923e-01 1.569441000000000086e+00
1.778500000000000081e-01 1.579693000000000014e+00
1.818899999999999961e-01 1.589744000000000046e+00
1.859300000000000119e-01 1.599529999999999896e+00
1.899700000000000000e-01 1.609040999999999944e+00
1.940199999999999980e-01 1.618254999999999999e+00
1.980600000000000138e-01 1.627150000000000096e+00
2.021000000000000019e-01 1.635702999999999907e+00
2.061399999999999899e-01 1.643888000000000016e+00
2.101800000000000057e-01 1.651632999999999907e+00
2.142300000000000038e-01 1.658998999999999890e+00
2.182699999999999918e-01 1.665912000000000059e+00
2.223100000000000076e-01 1.672339999999999938e+00
2.263499999999999956e-01 1.678247999999999962e+00
2.303900000000000114e-01 1.683600999999999903e+00
2.344400000000000095e-01 1.688361000000000001e+00
2.384799999999999975e-01 1.692487999999999992e+00
2.425200000000000133e-01 1.695929999999999938e+00
2.465600000000000014e-01 1.698666999999999927e+00
2.505999999999999894e-01 1.700641999999999987e+00
2.546499999999999875e-01 1.701810999999999963e+00
2.586899999999999755e-01 1.702124999999999888e+00
2.627300000000000191e-01 1.701537999999999995e+00
2.667700000000000071e-01 1.700002000000000013e+00
2.708099999999999952e-01 1.697470000000000034e+00
2.748599999999999932e-01 1.693896000000000068e+00
2.788999999999999813e-01 1.689238000000000017e+00
2.829400000000000248e-01 1.683453000000000088e+00
2.869800000000000129e-01 1.676504999999999912e+00
2.910200000000000009e-01 1.668360000000000065e+00
2.950699999999999990e-01 1.658990999999999882e+00
2.991099999999999870e-01 1.648377999999999899e+00
3.031499999999999750e-01 1.636505000000000098e+00
3.071900000000000186e-01 1.623367000000000004e+00
3.112300000000000066e-01 1.608964000000000061e+00
3.152800000000000047e-01 1.593307000000000029e+00
3.193199999999999927e-01 1.576411999999999924e+00
3.233599999999999808e-01 1.558303999999999911e+00
3.274000000000000243e-01 1.539015000000000022e+00
3.314400000000000124e-01 1.518588999999999967e+00
3.354900000000000104e-01 1.497068000000000065e+00
3.395299999999999985e-01 1.474504000000000037e+00
3.435699999999999865e-01 1.450952000000000019e+00
3.476099999999999746e-01 1.426471000000000044e+00
3.516500000000000181e-01 1.401122999999999896e+00
3.557000000000000162e-01 1.374973000000000001e+00
3.597400000000000042e-01 1.348084999999999978e+00
3.637799999999999923e-01 1.320529999999999982e+00
3.678199999999999803e-01 1.292375000000000052e+00
3.718600000000000239e-01 1.263689000000000062e+00
3.759100000000000219e-01 1.234542000000000028e+00
3.799500000000000099e-01 1.205006999999999939e+00
3.839899999999999980e-01 1.175159000000000065e+00
3.880299999999999860e-01 1.145062000000000024e+00
3.920699999999999741e-01 1.114799000000000095e+00
3.961200000000000276e-01 1.084446999999999939e+00
4.001600000000000157e-01 1.054089999999999971e+00
4.042000000000000037e-01 1.023814000000000002e+00
4.082399999999999918e-01 9.937139999999999862e-01
4.122799999999999798e-01 9.638879999999999670e-01
4.163299999999999779e-01 9.344470000000000276e-01
4.203700000000000214e-01 9.055100000000000371e-01
4.244100000000000095e-01 8.772079999999999878e-01
4.284499999999999975e-01 8.496879999999999988e-01
4.324899999999999856e-01 8.231119999999999548e-01
4.365399999999999836e-01 7.976579999999999782e-01
4.405800000000000272e-01 7.735269999999999646e-01
4.446200000000000152e-01 7.508979999999999544e-01
4.486600000000000033e-01 7.300860000000000127e-01
4.526999999999999913e-01 7.113019999999999898e-01
4.567499999999999893e-01 6.948069999999999524e-01
4.607899999999999774e-01 6.808600000000000207e-01
4.648300000000000209e-01 6.697089999999999987e-01
4.688700000000000090e-01 6.615579999999999794e-01
4.729099999999999970e-01 6.566009999999999902e-01
4.769599999999999951e-01 6.549359999999999626e-01
4.769599999999999951e-01 6.549359999999999626e-01
4.809800000000000186e-01 6.563900000000000290e-01
4.849999999999999867e-01 6.607079999999999620e-01
4.890200000000000102e-01 6.677699999999999747e-01
4.930399999999999783e-01 6.773890000000000189e-01
4.970600000000000018e-01 6.893329999999999735e-01
5.010799999999999699e-01 7.033469999999999445e-01
5.050999999999999934e-01 7.191689999999999472e-01
5.091099999999999515e-01 7.365469999999999517e-01
5.131299999999999750e-01 7.552419999999999689e-01
5.171499999999999986e-01 7.750380000000000047e-01
5.211700000000000221e-01 7.957450000000000356e-01
5.251900000000000457e-01 8.171929999999999472e-01
5.292099999999999582e-01 8.392349999999999532e-01
5.332299999999999818e-01 8.617369999999999752e-01
5.372500000000000053e-01 8.846209999999999907e-01
5.412700000000000289e-01 9.077370000000000161e-01
5.452900000000000524e-01 9.310269999999999380e-01
5.493099999999999650e-01 9.544179999999999886e-01
5.533299999999999885e-01 9.778479999999999395e-01
5.573500000000000121e-01 1.001263000000000014e+00
5.613700000000000356e-01 1.024614000000000136e+00
5.653899999999999482e-01 1.047860999999999931e+00
5.694099999999999717e-01 1.070967000000000002e+00
5.734299999999999953e-01 1.093900000000000095e+00
5.774500000000000188e-01 1.116632000000000069e+00
5.814700000000000424e-01 1.139138999999999902e+00
5.854899999999999549e-01 1.161399999999999988e+00
5.895099999999999785e-01 1.183395999999999892e+00
5.935300000000000020e-01 1.205112999999999879e+00
5.975500000000000256e-01 1.226534999999999931e+00
6.015700000000000491e-01 1.247652999999999901e+00
6.055899999999999617e-01 1.268456000000000028e+00
6.096099999999999852e-01 1.288936000000000082e+00
6.136300000000000088e-01 1.309086999999999890e+00
6.176500000000000323e-01 1.328905999999999921e+00
6.216699999999999449e-01 1.348387999999999920e+00
6.256899999999999684e-01 1.367532999999999888e+00
6.297099999999999920e-01 1.386338000000000070e+00
6.337300000000000155e-01 1.404803000000000024e+00
6.377500000000000391e-01 1.422930999999999946e+00
6.417699999999999516e-01 1.440722999999999976e+00
6.457899999999999752e-01 1.458180999999999949e+00
6.498099999999999987e-01 1.475308000000000064e+00
6.538300000000000223e-01 1.492108999999999908e+00
6.578500000000000458e-01 1.508586999999999900e+00
6.618699999999999584e-01 1.524745999999999935e+00
6.658899999999999819e-01 1.540591999999999961e+00
6.699100000000000055e-01 1.556130999999999931e+00
6.739300000000000290e-01 1.571364999999999901e+00
6.779500000000000526e-01 1.586300999999999961e+00
6.819699999999999651e-01 1.600940000000000030e+00
6.859899999999999887e-01 1.615296000000000065e+00
6.900100000000000122e-01 1.629370999999999903e+00
6.940300000000000358e-01 1.643167999999999962e+00
6.980499999999999483e-01 1.656695999999999946e+00
7.020699999999999719e-01 1.669993000000000061e+00
7.060899999999999954e-01 1.682995999999999936e+00
7.101100000000000190e-01 1.695745000000000058e+00
7.141300000000000425e-01 1.708245999999999931e+00
7.181499999999999551e-01 1.720504999999999951e+00
7.221699999999999786e-01 1.732526000000000010e+00
7.261900000000000022e-01 1.744315999999999978e+00
7.302100000000000257e-01 1.755878999999999968e+00
7.342300000000000493e-01 1.767220999999999931e+00
7.382499999999999618e-01 1.778346999999999900e+00
7.422699999999999854e-01 1.789261999999999908e+00
7.462900000000000089e-01 1.799997000000000069e+00
7.503100000000000325e-01 1.810505999999999949e+00
7.543299999999999450e-01 1.820819999999999883e+00
7.583499999999999686e-01 1.830934999999999979e+00
7.623699999999999921e-01 1.840867999999999949e+00
7.663900000000000157e-01 1.850616000000000039e+00
7.704100000000000392e-01 1.860184000000000060e+00
7.744299999999999518e-01 1.869582000000000077e+00
7.784499999999999753e-01 1.878798999999999886e+00
7.824699999999999989e-01 1.887861000000000011e+00
7.864900000000000224e-01 1.896736999999999895e+00
7.905100000000000460e-01 1.905445999999999973e+00
7.945299999999999585e-01 1.913996999999999948e+00
7.985499999999999821e-01 1.922380999999999895e+00
8.025700000000000056e-01 1.930595000000000061e+00
8.065900000000000292e-01 1.938674000000000008e+00
8.106100000000000527e-01 1.946579999999999977e+00
8.146299999999999653e-01 1.954328000000000065e+00
8.186499999999999888e-01 1.961918999999999969e+00
8.226700000000000124e-01 1.969352999999999909e+00
8.266900000000000359e-01 1.976629999999999887e+00
8.307099999999999485e-01 1.983749999999999902e+00
8.347299999999999720e-01 1.990714000000000095e+00
8.387499999999999956e-01 1.997519999999999962e+00
8.427700000000000191e-01 2.004167999999999950e+00
8.467900000000000427e-01 2.010657000000000139e+00
8.508099999999999552e-01 2.016986000000000168e+00
8.548299999999999788e-01 2.023155000000000037e+00
8.588500000000000023e-01 2.029161999999999910e+00
8.628700000000000259e-01 2.035005000000000397e+00
8.668900000000000494e-01 2.040685000000000304e+00
8.709099999999999620e-01 2.046222000000000207e+00
8.749299999999999855e-01 2.051568000000000058e+00
8.789500000000000091e-01 2.056771000000000349e+00
8.829700000000000326e-01 2.061780000000000168e+00
8.869899999999999451e-01 2.066616000000000231e+00
8.910099999999999687e-01 2.071276000000000117e+00
8.950299999999999923e-01 2.075764000000000387e+00
8.990500000000000158e-01 2.080077000000000176e+00
9.030599999999999739e-01 2.084211000000000258e+00
9.070799999999999974e-01 2.088168000000000024e+00
9.111000000000000210e-01 2.091970000000000329e+00
9.151200000000000445e-01 2.095569000000000237e+00
9.191399999999999570e-01 2.099032000000000231e+00
9.231599999999999806e-01 2.102268000000000026e+00
9.271800000000000042e-01 2.105327000000000393e+00
9.312000000000000277e-01 2.108200000000000074e+00
9.352200000000000513e-01 2.110891000000000073e+00
9.392399999999999638e-01 2.113400000000000389e+00
9.432599999999999874e-01 2.115748000000000406e+00
9.472800000000000109e-01 2.117895000000000305e+00
9.513000000000000345e-01 2.119862000000000357e+00
9.553199999999999470e-01 2.121650000000000258e+00
9.593399999999999705e-01 2.123260000000000147e+00
9.633599999999999941e-01 2.124692000000000025e+00
9.673800000000000177e-01 2.125952000000000286e+00
9.714000000000000412e-01 2.127040000000000042e+00
9.754199999999999537e-01 2.127958000000000016e+00
9.794399999999999773e-01 2.128707000000000349e+00
9.834600000000000009e-01 2.129277000000000086e+00
9.874800000000000244e-01 2.129698000000000313e+00
9.915000000000000480e-01 2.129969000000000001e+00
9.955199999999999605e-01 2.130075000000000163e+00
9.995399999999999840e-01 2.130028000000000254e+00
1.003560000000000008e+00 2.129832000000000392e+00
1.007579999999999920e+00 2.129491000000000245e+00
1.011600000000000055e+00 2.129008000000000234e+00
1.015619999999999967e+00 2.128387000000000029e+00
1.019640000000000102e+00 2.127632000000000190e+00
1.023660000000000014e+00 2.126748000000000083e+00
1.027679999999999927e+00 2.125739000000000267e+00
1.031700000000000061e+00 2.124617000000000200e+00
1.035719999999999974e+00 2.123371000000000119e+00
1.039740000000000109e+00 2.122012000000000231e+00
1.043760000000000021e+00 2.120546000000000042e+00
1.047779999999999934e+00 2.118974000000000135e+00
1.051800000000000068e+00 2.117307000000000272e+00
1.055819999999999981e+00 2.115545000000000009e+00
1.059839999999999893e+00 2.113694000000000184e+00
1.063860000000000028e+00 2.111758000000000024e+00
1.067879999999999940e+00 2.109741000000000088e+00
1.071900000000000075e+00 2.107649000000000328e+00
1.075919999999999987e+00 2.105489000000000388e+00
1.079939999999999900e+00 2.103257000000000154e+00
1.083960000000000035e+00 2.100971000000000366e+00
1.087979999999999947e+00 2.098618000000000094e+00
1.092000000000000082e+00 2.096210000000000129e+00
1.096019999999999994e+00 2.093752000000000280e+00
1.100039999999999907e+00 2.091247000000000078e+00
1.104060000000000041e+00 2.088687000000000182e+00
1.108079999999999954e+00 2.086102000000000345e+00
1.112100000000000088e+00 2.083482000000000056e+00
1.116120000000000001e+00 2.080831000000000319e+00
1.120139999999999914e+00 2.078152000000000221e+00
1.124160000000000048e+00 2.075450000000000017e+00
1.128179999999999961e+00 2.072727000000000430e+00
1.132200000000000095e+00 2.069988000000000383e+00
1.136220000000000008e+00 2.067235000000000156e+00
1.140239999999999920e+00 2.064472000000000307e+00
1.144260000000000055e+00 2.061701000000000228e+00
1.148279999999999967e+00 2.058926000000000034e+00
1.152300000000000102e+00 2.056150000000000144e+00
1.156320000000000014e+00 2.053375000000000394e+00
1.160339999999999927e+00 2.050605000000000011e+00
1.164360000000000062e+00 2.047841000000000022e+00
1.168379999999999974e+00 2.045088000000000239e+00
1.172400000000000109e+00 2.042386000000000035e+00
1.176420000000000021e+00 2.039658000000000193e+00
1.180439999999999934e+00 2.036948000000000203e+00
1.184460000000000068e+00 2.034258000000000344e+00
1.188479999999999981e+00 2.031589000000000311e+00
1.192499999999999893e+00 2.028944000000000081e+00
1.196520000000000028e+00 2.026324999999999932e+00
1.200539999999999941e+00 2.023733000000000004e+00
1.204560000000000075e+00 2.021171999999999969e+00
1.208579999999999988e+00 2.018642999999999965e+00
1.212599999999999900e+00 2.016147000000000133e+00
1.216620000000000035e+00 2.013687000000000005e+00
1.220639999999999947e+00 2.011264000000000163e+00
1.224660000000000082e+00 2.008879999999999999e+00
1.228679999999999994e+00 2.006547999999999998e+00
1.232699999999999907e+00 2.004246000000000194e+00
1.236720000000000041e+00 2.001971000000000167e+00
1.240739999999999954e+00 1.999757000000000007e+00
1.244760000000000089e+00 1.997595000000000010e+00
1.248780000000000001e+00 1.995474999999999888e+00
1.252799999999999914e+00 1.993400999999999978e+00
1.256820000000000048e+00 1.991379999999999928e+00
1.260839999999999961e+00 1.989408999999999983e+00
1.264860000000000095e+00 1.987490999999999897e+00
1.268880000000000008e+00 1.985625999999999891e+00
1.272899999999999920e+00 1.983814999999999884e+00
1.276920000000000055e+00 1.982059000000000015e+00
1.280939999999999968e+00 1.980358999999999980e+00
1.284960000000000102e+00 1.978717000000000059e+00
1.288980000000000015e+00 1.977131999999999890e+00
1.292999999999999927e+00 1.975606999999999891e+00
1.297009999999999996e+00 1.974139000000000088e+00
1.301029999999999909e+00 1.972733000000000070e+00
1.305050000000000043e+00 1.971387999999999918e+00
1.309069999999999956e+00 1.970100999999999880e+00
1.313090000000000090e+00 1.968879999999999963e+00
1.317110000000000003e+00 1.967721999999999971e+00
1.321129999999999916e+00 1.966636000000000051e+00
1.325150000000000050e+00 1.965603999999999907e+00
1.329169999999999963e+00 1.964636999999999967e+00
1.333190000000000097e+00 1.963734000000000091e+00
1.337210000000000010e+00 1.962896999999999892e+00
1.341229999999999922e+00 1.962126000000000037e+00
1.345250000000000057e+00 1.961419999999999941e+00
1.349269999999999969e+00 1.960780999999999885e+00
1.353290000000000104e+00 1.960209000000000090e+00
1.357310000000000016e+00 1.959702999999999973e+00
1.361329999999999929e+00 1.959265000000000034e+00
1.365350000000000064e+00 1.958892999999999995e+00
1.369369999999999976e+00 1.958593000000000028e+00
1.373390000000000111e+00 1.958355999999999986e+00
1.377410000000000023e+00 1.958186999999999900e+00
1.381429999999999936e+00 1.958085000000000075e+00
1.385450000000000070e+00 1.958050999999999986e+00
1.385450000000000070e+00 1.958050999999999986e+00
1.389489999999999892e+00 1.957565000000000000e+00
1.393540000000000001e+00 1.956105999999999900e+00
1.397580000000000044e+00 1.953672000000000075e+00
1.401620000000000088e+00 1.950285999999999964e+00
1.405659999999999910e+00 1.945948999999999929e+00
1.409699999999999953e+00 1.940674999999999928e+00
1.413750000000000062e+00 1.934468999999999994e+00
1.417790000000000106e+00 1.927360999999999880e+00
1.421829999999999927e+00 1.919365999999999906e+00
1.425869999999999971e+00 1.910501999999999923e+00
1.429910000000000014e+00 1.900792999999999955e+00
1.433959999999999901e+00 1.890263000000000027e+00
1.437999999999999945e+00 1.878937000000000079e+00
1.442039999999999988e+00 1.866840000000000055e+00
1.446080000000000032e+00 1.854001999999999928e+00
1.450120000000000076e+00 1.840449999999999919e+00
1.454169999999999963e+00 1.826213000000000086e+00
1.458210000000000006e+00 1.811320000000000041e+00
1.462250000000000050e+00 1.795800000000000063e+00
1.466290000000000093e+00 1.779681999999999986e+00
1.470329999999999915e+00 1.762996000000000008e+00
1.474380000000000024e+00 1.745771999999999879e+00
1.478420000000000067e+00 1.728038999999999881e+00
1.482460000000000111e+00 1.709824999999999928e+00
1.486499999999999932e+00 1.691159999999999997e+00
1.490539999999999976e+00 1.672072000000000003e+00
1.494590000000000085e+00 1.652587000000000028e+00
1.498629999999999907e+00 1.632735000000000047e+00
1.502669999999999950e+00 1.612541999999999920e+00
1.506709999999999994e+00 1.592041000000000039e+00
1.510750000000000037e+00 1.571245000000000003e+00
1.514799999999999924e+00 1.550200000000000022e+00
1.518839999999999968e+00 1.528904999999999959e+00
1.522880000000000011e+00 1.507392000000000065e+00
1.526920000000000055e+00 1.485689999999999955e+00
1.530960000000000099e+00 1.463832000000000022e+00
1.535009999999999986e+00 1.441834000000000060e+00
1.539050000000000029e+00 1.419718999999999953e+00
1.543090000000000073e+00 1.397512000000000087e+00
1.547129999999999894e+00 1.375231000000000092e+00
1.551169999999999938e+00 1.352907000000000082e+00
1.555220000000000047e+00 1.330557999999999907e+00
1.559260000000000090e+00 1.308208000000000037e+00
1.563299999999999912e+00 1.285878999999999994e+00
1.567339999999999955e+00 1.263595000000000024e+00
1.571379999999999999e+00 1.241378000000000092e+00
1.575430000000000108e+00 1.219252000000000002e+00
1.579469999999999930e+00 1.197241999999999917e+00
1.583509999999999973e+00 1.175375999999999976e+00
1.587550000000000017e+00 1.153678999999999899e+00
1.591590000000000060e+00 1.132184000000000079e+00
1.595639999999999947e+00 1.110929999999999973e+00
1.599679999999999991e+00 1.089952999999999950e+00
1.603720000000000034e+00 1.069317999999999991e+00
1.607760000000000078e+00 1.049112999999999962e+00
1.611799999999999899e+00 1.029490000000000016e+00
1.615850000000000009e+00 1.010747999999999980e+00
1.619890000000000052e+00 9.935709999999999820e-01
1.623930000000000096e+00 9.795869999999999855e-01
1.627969999999999917e+00 9.713849999999999429e-01
1.632009999999999961e+00 9.691410000000000302e-01
1.636060000000000070e+00 9.701830000000000176e-01
1.640099999999999891e+00 9.726270000000000193e-01
1.644139999999999935e+00 9.757310000000000150e-01
1.648179999999999978e+00 9.791459999999999608e-01
1.652220000000000022e+00 9.827230000000000132e-01
1.656269999999999909e+00 9.863779999999999770e-01
1.660309999999999953e+00 9.900609999999999689e-01
1.664349999999999996e+00 9.937399999999999567e-01
1.668390000000000040e+00 9.973889999999999700e-01
1.672430000000000083e+00 1.000993000000000022e+00
1.676479999999999970e+00 1.004525000000000112e+00
1.680520000000000014e+00 1.007973000000000008e+00
1.684560000000000057e+00 1.011322999999999972e+00
1.688600000000000101e+00 1.014560000000000128e+00
1.692639999999999922e+00 1.017670000000000075e+00
1.696690000000000031e+00 1.020637000000000016e+00
1.700730000000000075e+00 1.023446999999999996e+00
1.704769999999999897e+00 1.026085000000000136e+00
1.708809999999999940e+00 1.028523000000000076e+00
1.712849999999999984e+00 1.030766999999999989e+00
1.716900000000000093e+00 1.032790000000000097e+00
1.720939999999999914e+00 1.034575000000000022e+00
1.724979999999999958e+00 1.036102999999999996e+00
1.729020000000000001e+00 1.037357000000000085e+00
1.733060000000000045e+00 1.038318000000000074e+00
1.737109999999999932e+00 1.038966999999999974e+00
1.741149999999999975e+00 1.039285999999999932e+00
1.745190000000000019e+00 1.039255999999999958e+00
1.749230000000000063e+00 1.038836000000000093e+00
1.753270000000000106e+00 1.038048999999999999e+00
1.757319999999999993e+00 1.036869000000000041e+00
1.761360000000000037e+00 1.035253999999999897e+00
1.765400000000000080e+00 1.033199999999999896e+00
1.769439999999999902e+00 1.030691000000000024e+00
1.773479999999999945e+00 1.027713000000000099e+00
1.777530000000000054e+00 1.024253999999999998e+00
1.781570000000000098e+00 1.020305999999999935e+00
1.785609999999999919e+00 1.015853000000000117e+00
1.789649999999999963e+00 1.010895000000000099e+00
1.793690000000000007e+00 1.005427000000000071e+00
1.797739999999999894e+00 9.994499999999999496e-01
1.801779999999999937e+00 9.929719999999999658e-01
1.805819999999999981e+00 9.859860000000000291e-01
1.809860000000000024e+00 9.785089999999999621e-01
1.813900000000000068e+00 9.705529999999999990e-01
1.817949999999999955e+00 9.621339999999999337e-01
1.821989999999999998e+00 9.532709999999999795e-01
1.826030000000000042e+00 9.439879999999999383e-01
1.830070000000000086e+00 9.343089999999999451e-01
1.834109999999999907e+00 9.242629999999999457e-01
1.838160000000000016e+00 9.138800000000000257e-01
1.842200000000000060e+00 9.031930000000000236e-01
1.846240000000000103e+00 8.922360000000000291e-01
1.850279999999999925e+00 8.810489999999999711e-01
1.854319999999999968e+00 8.696679999999999966e-01
1.858370000000000077e+00 8.581280000000000019e-01
1.862409999999999899e+00 8.464779999999999527e-01
